Name,Email,Department,Role,Location,Phone
Arjun Sharma,arjun.sharma@birlawhite.com,Legal,Consultant,Bangalore,+91 8118896290
Sameer Singh,sameer.singh@birlawhite.com,Sales,Executive,Jaipur,+91 6643644773
Neha Bhat,neha.bhat@birlawhite.com,Support,Analyst,Mumbai,+91 9918968369
Anjali Patel,anjali.patel@birlawhite.com,Marketing,Executive,Hyderabad,+91 8928657297
Tina Jain,tina.jain@birlawhite.com,HR,Analyst,Kolkata,+91 7366543027
Shreya Thakur,shreya.thakur@birlawhite.com,Operations,Executive,Hyderabad,+91 8685243301
Amit Jain,amit.jain@birlawhite.com,Legal,Coordinator,Delhi,+91 9097768846
Manish Agarwal,manish.agarwal@birlawhite.com,Operations,Associate,Kolkata,+91 9927321229
Manish Nair,manish.nair@birlawhite.com,Operations,Lead,Chennai,+91 7743115177
Neha Kumar,neha.kumar@birlawhite.com,Procurement,Executive,Mumbai,+91 6917126485
Anjali Joshi,anjali.joshi@birlawhite.com,Sales,Lead,Delhi,+91 8360051928
Kriti Sharma,kriti.sharma@birlawhite.com,HR,Analyst,Mumbai,+91 7894024060
Shreya Bhat,shreya.bhat@birlawhite.com,Operations,Analyst,Hyderabad,+91 9839720581
Divya Kapoor,divya.kapoor@birlawhite.com,Procurement,Manager,Bangalore,+91 6343622188
Kunal Thakur,kunal.thakur@birlawhite.com,HR,Lead,Bangalore,+91 6622045905
Arjun Yadav,arjun.yadav@birlawhite.com,Support,Coordinator,Mumbai,+91 9600036533
Vikram Gupta,vikram.gupta@birlawhite.com,Marketing,Manager,Jaipur,+91 7788078065
Manish Bhat,manish.bhat@birlawhite.com,HR,Executive,Kolkata,+91 7967938426
Kriti Joshi,kriti.joshi@birlawhite.com,Operations,Lead,Kolkata,+91 8508360840
Manish Kumar,manish.kumar@birlawhite.com,Finance,Associate,Bangalore,+91 7364002357
Pooja Agarwal,pooja.agarwal@birlawhite.com,Sales,Lead,Delhi,+91 7941683128
Ritika Mehta,ritika.mehta@birlawhite.com,HR,Analyst,Hyderabad,+91 9769121644
Anjali Thakur,anjali.thakur@birlawhite.com,HR,Manager,Bangalore,+91 7181857209
Rahul Das,rahul.das@birlawhite.com,Marketing,Coordinator,Bangalore,+91 6409978847
Vikram Joshi,vikram.joshi@birlawhite.com,Finance,Lead,Kolkata,+91 9957185780
Tina Thakur,tina.thakur@birlawhite.com,Operations,Executive,Hyderabad,+91 6274780771
Rahul Gupta,rahul.gupta@birlawhite.com,HR,Lead,Bangalore,+91 8977403568
Arjun Jain,arjun.jain@birlawhite.com,Procurement,Consultant,Pune,+91 8252103292
Manish Thakur,manish.thakur@birlawhite.com,Finance,Consultant,Hyderabad,+91 9267115013
Manish Patel,manish.patel@birlawhite.com,Procurement,Consultant,Delhi,+91 9681045675
Tina Mehta,tina.mehta@birlawhite.com,Finance,Consultant,Jaipur,+91 7079090932
Tina Mukherjee,tina.mukherjee@birlawhite.com,Support,Manager,Mumbai,+91 7569164834
Amit Agarwal,amit.agarwal@birlawhite.com,IT,Executive,Mumbai,+91 9011134284
Shreya Reddy,shreya.reddy@birlawhite.com,Marketing,Executive,Pune,+91 8862636171
Neha Bhat,neha.bhat@birlawhite.com,IT,Lead,Mumbai,+91 9346886680
Kunal Joshi,kunal.joshi@birlawhite.com,HR,Manager,Kolkata,+91 6362964743
Amit Kapoor,amit.kapoor@birlawhite.com,Legal,Manager,Bangalore,+91 7778701757
Suresh Sharma,suresh.sharma@birlawhite.com,Operations,Associate,Mumbai,+91 6030083763
Suresh Yadav,suresh.yadav@birlawhite.com,Finance,Consultant,Mumbai,+91 7155999966
Sneha Sharma,sneha.sharma@birlawhite.com,IT,Analyst,Chennai,+91 6607216484
Sneha Patel,sneha.patel@birlawhite.com,Operations,Manager,Delhi,+91 7514767544
Kunal Nair,kunal.nair@birlawhite.com,Marketing,Analyst,Hyderabad,+91 9489708136
Sneha Singh,sneha.singh@birlawhite.com,Procurement,Executive,Jaipur,+91 6613397134
Rahul Kumar,rahul.kumar@birlawhite.com,Procurement,Analyst,Hyderabad,+91 7663248792
Priya Patel,priya.patel@birlawhite.com,Operations,Coordinator,Jaipur,+91 6985236683
Kunal Gupta,kunal.gupta@birlawhite.com,IT,Analyst,Delhi,+91 8454044154
Sameer Thakur,sameer.thakur@birlawhite.com,Finance,Consultant,Bangalore,+91 6140267666
Ritika Singh,ritika.singh@birlawhite.com,Legal,Manager,Jaipur,+91 9046489393
Suresh Verma,suresh.verma@birlawhite.com,Marketing,Consultant,Kolkata,+91 7344425679
Kunal Kumar,kunal.kumar@birlawhite.com,Legal,Manager,Jaipur,+91 7354159219
Anjali Reddy,anjali.reddy@birlawhite.com,Sales,Executive,Delhi,+91 7652065106
Amit Joshi,amit.joshi@birlawhite.com,IT,Analyst,Bangalore,+91 7827263201
Vikram Das,vikram.das@birlawhite.com,Sales,Lead,Delhi,+91 7906299214
Ritika Chopra,ritika.chopra@birlawhite.com,IT,Analyst,Kolkata,+91 9196836322
Divya Chopra,divya.chopra@birlawhite.com,Legal,Analyst,Hyderabad,+91 9067345272
Sameer Patel,sameer.patel@birlawhite.com,Legal,Executive,Jaipur,+91 9215249066
Suresh Singh,suresh.singh@birlawhite.com,Sales,Associate,Pune,+91 7606120565
Arjun Joshi,arjun.joshi@birlawhite.com,IT,Lead,Kolkata,+91 9683753399
Neha Bhat,neha.bhat@birlawhite.com,Sales,Consultant,Kolkata,+91 6278055061
Priya Agarwal,priya.agarwal@birlawhite.com,Support,Analyst,Delhi,+91 6156731109
Kriti Bhat,kriti.bhat@birlawhite.com,Legal,Associate,Hyderabad,+91 8707726732
Tina Yadav,tina.yadav@birlawhite.com,Procurement,Consultant,Pune,+91 9033930918
Ritika Mehta,ritika.mehta@birlawhite.com,Operations,Manager,Hyderabad,+91 9058567366
Arjun Thakur,arjun.thakur@birlawhite.com,Support,Coordinator,Bangalore,+91 9621244170
Tina Kapoor,tina.kapoor@birlawhite.com,Sales,Associate,Mumbai,+91 9366627948
Kunal Gupta,kunal.gupta@birlawhite.com,Finance,Associate,Delhi,+91 8046457786
Manish Joshi,manish.joshi@birlawhite.com,Procurement,Lead,Bangalore,+91 9061767594
Tina Joshi,tina.joshi@birlawhite.com,Operations,Associate,Delhi,+91 9292168933
Tina Thakur,tina.thakur@birlawhite.com,Support,Executive,Hyderabad,+91 9623560558
Rahul Nair,rahul.nair@birlawhite.com,Sales,Executive,Kolkata,+91 8634607755
Arjun Yadav,arjun.yadav@birlawhite.com,Operations,Manager,Kolkata,+91 6161171116
Priya Mukherjee,priya.mukherjee@birlawhite.com,HR,Lead,Mumbai,+91 8187269246
Anjali Reddy,anjali.reddy@birlawhite.com,Support,Manager,Kolkata,+91 6907490389
Anjali Sharma,anjali.sharma@birlawhite.com,Procurement,Associate,Pune,+91 6204906568
Divya Verma,divya.verma@birlawhite.com,IT,Associate,Bangalore,+91 9409776570
Suresh Mehta,suresh.mehta@birlawhite.com,Operations,Analyst,Pune,+91 7917566966
Vikram Verma,vikram.verma@birlawhite.com,Legal,Lead,Pune,+91 9226372873
Tina Mehta,tina.mehta@birlawhite.com,IT,Executive,Pune,+91 7594995125
Suresh Kapoor,suresh.kapoor@birlawhite.com,Procurement,Coordinator,Delhi,+91 7088287874
Vikram Agarwal,vikram.agarwal@birlawhite.com,IT,Associate,Jaipur,+91 7703053202
Rohit Patel,rohit.patel@birlawhite.com,Sales,Consultant,Pune,+91 8860344565
Kunal Singh,kunal.singh@birlawhite.com,Operations,Associate,Mumbai,+91 8118935953
Vikram Sharma,vikram.sharma@birlawhite.com,Legal,Manager,Jaipur,+91 7695034425
Anjali Jain,anjali.jain@birlawhite.com,Support,Manager,Kolkata,+91 9203762637
Vikram Reddy,vikram.reddy@birlawhite.com,Support,Consultant,Jaipur,+91 8737932515
Rahul Patel,rahul.patel@birlawhite.com,IT,Coordinator,Delhi,+91 9045675575
Anjali Mehta,anjali.mehta@birlawhite.com,Procurement,Lead,Kolkata,+91 8166186303
Pooja Agarwal,pooja.agarwal@birlawhite.com,Operations,Consultant,Mumbai,+91 8086231742
Divya Nair,divya.nair@birlawhite.com,Sales,Lead,Bangalore,+91 9344577146
Anjali Verma,anjali.verma@birlawhite.com,Procurement,Lead,Chennai,+91 8378392295
Kunal Mukherjee,kunal.mukherjee@birlawhite.com,Legal,Lead,Jaipur,+91 8507309675
Manish Thakur,manish.thakur@birlawhite.com,Legal,Executive,Pune,+91 8962007411
Divya Chopra,divya.chopra@birlawhite.com,Procurement,Coordinator,Delhi,+91 9569163239
Ravi Chopra,ravi.chopra@birlawhite.com,Sales,Manager,Mumbai,+91 9496163995
Anjali Das,anjali.das@birlawhite.com,Sales,Associate,Hyderabad,+91 9419123139
Rohit Kapoor,rohit.kapoor@birlawhite.com,Legal,Coordinator,Hyderabad,+91 6509086915
Priya Kapoor,priya.kapoor@birlawhite.com,Operations,Executive,Hyderabad,+91 7079023135
Divya Nair,divya.nair@birlawhite.com,Procurement,Coordinator,Kolkata,+91 6098553499
Sneha Patel,sneha.patel@birlawhite.com,IT,Lead,Pune,+91 6816192515
Vikram Nair,vikram.nair@birlawhite.com,HR,Analyst,Kolkata,+91 7782427777
Sneha Singh,sneha.singh@birlawhite.com,Operations,Analyst,Jaipur,+91 7776652927
Ravi Chopra,ravi.chopra@birlawhite.com,Marketing,Analyst,Jaipur,+91 6046207646
Amit Reddy,amit.reddy@birlawhite.com,Sales,Manager,Bangalore,+91 9590927581
Suresh Kapoor,suresh.kapoor@birlawhite.com,Operations,Lead,Kolkata,+91 8327481081
Shreya Jain,shreya.jain@birlawhite.com,Finance,Analyst,Delhi,+91 8152880051
Shreya Singh,shreya.singh@birlawhite.com,Operations,Executive,Chennai,+91 6064569074
Vikram Kapoor,vikram.kapoor@birlawhite.com,Marketing,Associate,Chennai,+91 7151545626
Sameer Patel,sameer.patel@birlawhite.com,Marketing,Executive,Hyderabad,+91 9794940982
Kriti Thakur,kriti.thakur@birlawhite.com,Support,Consultant,Pune,+91 9312149268
Pooja Bose,pooja.bose@birlawhite.com,Legal,Consultant,Chennai,+91 7811982170
Anjali Singh,anjali.singh@birlawhite.com,IT,Lead,Kolkata,+91 6484140988
Shreya Das,shreya.das@birlawhite.com,Operations,Lead,Mumbai,+91 8984465153
Sameer Mehta,sameer.mehta@birlawhite.com,Marketing,Manager,Chennai,+91 6032664312
Vikram Gupta,vikram.gupta@birlawhite.com,Marketing,Analyst,Hyderabad,+91 8758052407
Shreya Agarwal,shreya.agarwal@birlawhite.com,Procurement,Manager,Jaipur,+91 7114090153
Rahul Nair,rahul.nair@birlawhite.com,Support,Consultant,Hyderabad,+91 7630764127
Tina Mukherjee,tina.mukherjee@birlawhite.com,Finance,Consultant,Delhi,+91 7903420091
Arjun Nair,arjun.nair@birlawhite.com,Sales,Associate,Hyderabad,+91 7564017206
Sneha Joshi,sneha.joshi@birlawhite.com,HR,Associate,Jaipur,+91 8947071687
Rohit Kapoor,rohit.kapoor@birlawhite.com,Sales,Consultant,Jaipur,+91 9758197560
Arjun Joshi,arjun.joshi@birlawhite.com,Support,Executive,Pune,+91 7543387960
Anjali Kumar,anjali.kumar@birlawhite.com,Operations,Consultant,Pune,+91 9608583487
Suresh Gupta,suresh.gupta@birlawhite.com,HR,Manager,Jaipur,+91 6017002098
Sameer Chopra,sameer.chopra@birlawhite.com,Procurement,Manager,Chennai,+91 7519268688
Sneha Patel,sneha.patel@birlawhite.com,Legal,Coordinator,Hyderabad,+91 9498983788
Rahul Kapoor,rahul.kapoor@birlawhite.com,Operations,Consultant,Pune,+91 8875566784
Suresh Mehta,suresh.mehta@birlawhite.com,IT,Coordinator,Delhi,+91 9307516278
Sameer Reddy,sameer.reddy@birlawhite.com,Support,Executive,Mumbai,+91 8189140532
Sameer Singh,sameer.singh@birlawhite.com,Operations,Lead,Kolkata,+91 7492897564
Sneha Kapoor,sneha.kapoor@birlawhite.com,Legal,Consultant,Jaipur,+91 9791112055
Sameer Patel,sameer.patel@birlawhite.com,Operations,Coordinator,Jaipur,+91 6869130668
Rohit Patel,rohit.patel@birlawhite.com,Legal,Lead,Kolkata,+91 7350561269
Ritika Mehta,ritika.mehta@birlawhite.com,Sales,Consultant,Bangalore,+91 6148834969
Kriti Singh,kriti.singh@birlawhite.com,IT,Executive,Kolkata,+91 9067558599
Rohit Patel,rohit.patel@birlawhite.com,Sales,Analyst,Hyderabad,+91 7671501800
Rohit Chopra,rohit.chopra@birlawhite.com,HR,Associate,Delhi,+91 6745227019
Rohit Thakur,rohit.thakur@birlawhite.com,Operations,Analyst,Chennai,+91 6589905988
Ritika Patel,ritika.patel@birlawhite.com,IT,Associate,Mumbai,+91 9671992912
Sameer Bose,sameer.bose@birlawhite.com,Support,Lead,Bangalore,+91 7732901538
Divya Yadav,divya.yadav@birlawhite.com,Operations,Analyst,Kolkata,+91 9913167346
Sneha Bose,sneha.bose@birlawhite.com,HR,Coordinator,Delhi,+91 7213841950
Shreya Verma,shreya.verma@birlawhite.com,Sales,Lead,Kolkata,+91 9395186524
Kriti Singh,kriti.singh@birlawhite.com,HR,Associate,Mumbai,+91 8366789308
Rohit Jain,rohit.jain@birlawhite.com,IT,Coordinator,Delhi,+91 8538932068
Amit Bose,amit.bose@birlawhite.com,Sales,Executive,Chennai,+91 6749789975
Shreya Yadav,shreya.yadav@birlawhite.com,IT,Consultant,Pune,+91 8999249709
Pooja Bhat,pooja.bhat@birlawhite.com,Procurement,Manager,Pune,+91 7371617814
Amit Kapoor,amit.kapoor@birlawhite.com,Procurement,Lead,Jaipur,+91 9138204126
Tina Kapoor,tina.kapoor@birlawhite.com,Sales,Consultant,Delhi,+91 9020595490
Kunal Kumar,kunal.kumar@birlawhite.com,Legal,Analyst,Delhi,+91 9129056691
Rahul Patel,rahul.patel@birlawhite.com,Procurement,Consultant,Jaipur,+91 6543898474
Ravi Reddy,ravi.reddy@birlawhite.com,Support,Lead,Jaipur,+91 9733774416
Tina Nair,tina.nair@birlawhite.com,Sales,Executive,Hyderabad,+91 7902392876
Ritika Das,ritika.das@birlawhite.com,Legal,Executive,Hyderabad,+91 8171238413
Amit Kapoor,amit.kapoor@birlawhite.com,Procurement,Coordinator,Bangalore,+91 7793544727
Sameer Thakur,sameer.thakur@birlawhite.com,Operations,Coordinator,Chennai,+91 9682146867
Amit Nair,amit.nair@birlawhite.com,Marketing,Consultant,Jaipur,+91 6957186952
Pooja Das,pooja.das@birlawhite.com,IT,Analyst,Delhi,+91 9593109375
Anjali Patel,anjali.patel@birlawhite.com,Legal,Executive,Jaipur,+91 6405124746
Amit Bhat,amit.bhat@birlawhite.com,Procurement,Lead,Kolkata,+91 8509495292
Shreya Kapoor,shreya.kapoor@birlawhite.com,Finance,Coordinator,Hyderabad,+91 6993196977
Anjali Reddy,anjali.reddy@birlawhite.com,IT,Lead,Delhi,+91 7690107005
Ravi Mukherjee,ravi.mukherjee@birlawhite.com,Support,Manager,Hyderabad,+91 9148248808
Amit Verma,amit.verma@birlawhite.com,Operations,Manager,Delhi,+91 6567445971
Divya Kumar,divya.kumar@birlawhite.com,Support,Analyst,Bangalore,+91 8584934124
Divya Gupta,divya.gupta@birlawhite.com,IT,Associate,Jaipur,+91 9007488832
Manish Gupta,manish.gupta@birlawhite.com,HR,Manager,Jaipur,+91 7611670686
Arjun Jain,arjun.jain@birlawhite.com,Procurement,Executive,Hyderabad,+91 8033660754
Sameer Singh,sameer.singh@birlawhite.com,Operations,Manager,Delhi,+91 7750671261
Amit Sharma,amit.sharma@birlawhite.com,Finance,Lead,Jaipur,+91 6828901829
Pooja Singh,pooja.singh@birlawhite.com,IT,Associate,Chennai,+91 7015120881
Kriti Bhat,kriti.bhat@birlawhite.com,Operations,Lead,Mumbai,+91 7552825927
Vikram Bhat,vikram.bhat@birlawhite.com,Procurement,Executive,Mumbai,+91 9783842819
Amit Bhat,amit.bhat@birlawhite.com,IT,Analyst,Delhi,+91 6613359005
Rohit Sharma,rohit.sharma@birlawhite.com,HR,Analyst,Delhi,+91 9502013271
Shreya Reddy,shreya.reddy@birlawhite.com,Marketing,Coordinator,Hyderabad,+91 9023809189
Kunal Bose,kunal.bose@birlawhite.com,Procurement,Lead,Delhi,+91 6570431873
Vikram Reddy,vikram.reddy@birlawhite.com,Procurement,Executive,Pune,+91 8618745526
Vikram Mehta,vikram.mehta@birlawhite.com,Finance,Coordinator,Delhi,+91 6659454700
Vikram Jain,vikram.jain@birlawhite.com,Sales,Manager,Chennai,+91 9520567244
Manish Jain,manish.jain@birlawhite.com,Legal,Manager,Kolkata,+91 7247060336
Anjali Reddy,anjali.reddy@birlawhite.com,Sales,Coordinator,Jaipur,+91 6142579847
Anjali Patel,anjali.patel@birlawhite.com,Legal,Analyst,Bangalore,+91 9551869410
Sameer Singh,sameer.singh@birlawhite.com,HR,Executive,Chennai,+91 6983663503
Amit Chopra,amit.chopra@birlawhite.com,Marketing,Consultant,Bangalore,+91 6998056465
Manish Agarwal,manish.agarwal@birlawhite.com,Support,Executive,Bangalore,+91 7659048794
Amit Mehta,amit.mehta@birlawhite.com,HR,Associate,Pune,+91 8625976909
Ritika Singh,ritika.singh@birlawhite.com,HR,Manager,Mumbai,+91 6491572218
Divya Chopra,divya.chopra@birlawhite.com,Marketing,Consultant,Mumbai,+91 9698573745
Sameer Das,sameer.das@birlawhite.com,Support,Lead,Delhi,+91 6938658635
Rahul Mukherjee,rahul.mukherjee@birlawhite.com,Procurement,Executive,Bangalore,+91 6449390022
Ritika Yadav,ritika.yadav@birlawhite.com,Marketing,Analyst,Bangalore,+91 9813160307
Arjun Chopra,arjun.chopra@birlawhite.com,Procurement,Manager,Jaipur,+91 7353162476
Tina Mukherjee,tina.mukherjee@birlawhite.com,IT,Manager,Kolkata,+91 8093555865
Rahul Reddy,rahul.reddy@birlawhite.com,IT,Consultant,Jaipur,+91 7359314155
Pooja Chopra,pooja.chopra@birlawhite.com,Sales,Associate,Hyderabad,+91 8774357404
Priya Gupta,priya.gupta@birlawhite.com,Operations,Consultant,Delhi,+91 7391075278
Divya Verma,divya.verma@birlawhite.com,Support,Executive,Jaipur,+91 7213810312
Tina Jain,tina.jain@birlawhite.com,Marketing,Consultant,Kolkata,+91 6111923377
Shreya Mukherjee,shreya.mukherjee@birlawhite.com,Support,Associate,Delhi,+91 8487831163
Manish Bose,manish.bose@birlawhite.com,Operations,Manager,Pune,+91 8577200124
Rahul Gupta,rahul.gupta@birlawhite.com,Marketing,Associate,Hyderabad,+91 6313431918
Amit Thakur,amit.thakur@birlawhite.com,Marketing,Lead,Chennai,+91 8418080191
Sneha Sharma,sneha.sharma@birlawhite.com,Support,Consultant,Pune,+91 6444278538
Priya Joshi,priya.joshi@birlawhite.com,Marketing,Lead,Chennai,+91 7407971061
Manish Kumar,manish.kumar@birlawhite.com,HR,Associate,Delhi,+91 6339384168
Manish Bose,manish.bose@birlawhite.com,Procurement,Executive,Mumbai,+91 6531202156
Pooja Kapoor,pooja.kapoor@birlawhite.com,Legal,Lead,Pune,+91 7974876991
Arjun Yadav,arjun.yadav@birlawhite.com,Marketing,Lead,Chennai,+91 7637212191
Vikram Yadav,vikram.yadav@birlawhite.com,Sales,Consultant,Kolkata,+91 6348492365
Manish Mehta,manish.mehta@birlawhite.com,Marketing,Coordinator,Mumbai,+91 9189896397
Ritika Jain,ritika.jain@birlawhite.com,Sales,Executive,Delhi,+91 7074224003
Pooja Mukherjee,pooja.mukherjee@birlawhite.com,IT,Consultant,Delhi,+91 8124473995
Ritika Joshi,ritika.joshi@birlawhite.com,Legal,Lead,Chennai,+91 6100376238
Rahul Nair,rahul.nair@birlawhite.com,HR,Associate,Mumbai,+91 7621067728
Vikram Jain,vikram.jain@birlawhite.com,Support,Manager,Jaipur,+91 7453180037
Sneha Mehta,sneha.mehta@birlawhite.com,Procurement,Analyst,Chennai,+91 7904139912
Sameer Sharma,sameer.sharma@birlawhite.com,Support,Coordinator,Jaipur,+91 7306557716
Arjun Das,arjun.das@birlawhite.com,Sales,Consultant,Pune,+91 7589447234
Ravi Gupta,ravi.gupta@birlawhite.com,Procurement,Consultant,Bangalore,+91 6173263151
Divya Bhat,divya.bhat@birlawhite.com,Marketing,Executive,Kolkata,+91 6682295540
Kunal Bose,kunal.bose@birlawhite.com,Finance,Executive,Chennai,+91 6117879059
Amit Kumar,amit.kumar@birlawhite.com,HR,Associate,Delhi,+91 6651106875
Pooja Bose,pooja.bose@birlawhite.com,HR,Analyst,Jaipur,+91 7382258402
Sameer Bhat,sameer.bhat@birlawhite.com,Marketing,Analyst,Jaipur,+91 9385504600
Rahul Chopra,rahul.chopra@birlawhite.com,Operations,Executive,Bangalore,+91 7168881990
Priya Jain,priya.jain@birlawhite.com,HR,Analyst,Kolkata,+91 9642362425
Kunal Bose,kunal.bose@birlawhite.com,Operations,Analyst,Hyderabad,+91 6879949423
Neha Singh,neha.singh@birlawhite.com,Finance,Executive,Mumbai,+91 8115925243
Vikram Yadav,vikram.yadav@birlawhite.com,Legal,Manager,Chennai,+91 9771054965
Neha Reddy,neha.reddy@birlawhite.com,Finance,Associate,Jaipur,+91 6221605647
Manish Patel,manish.patel@birlawhite.com,Finance,Executive,Chennai,+91 7013106841
Anjali Gupta,anjali.gupta@birlawhite.com,Legal,Coordinator,Bangalore,+91 7060965335
Rohit Kumar,rohit.kumar@birlawhite.com,Support,Lead,Delhi,+91 9564001226
Priya Yadav,priya.yadav@birlawhite.com,Operations,Analyst,Pune,+91 9045796753
Arjun Singh,arjun.singh@birlawhite.com,Operations,Manager,Mumbai,+91 6313352093
Priya Thakur,priya.thakur@birlawhite.com,Procurement,Consultant,Kolkata,+91 7795425983
Manish Thakur,manish.thakur@birlawhite.com,Finance,Coordinator,Mumbai,+91 7018869229
Ravi Kapoor,ravi.kapoor@birlawhite.com,Sales,Consultant,Jaipur,+91 6069373315
Manish Bose,manish.bose@birlawhite.com,Procurement,Manager,Hyderabad,+91 7240354138
Arjun Kapoor,arjun.kapoor@birlawhite.com,Support,Manager,Hyderabad,+91 6142519631
Kunal Joshi,kunal.joshi@birlawhite.com,Sales,Manager,Chennai,+91 9407172357
Rohit Gupta,rohit.gupta@birlawhite.com,Sales,Coordinator,Jaipur,+91 8843710447
Priya Bhat,priya.bhat@birlawhite.com,Marketing,Consultant,Bangalore,+91 8751801104
Divya Reddy,divya.reddy@birlawhite.com,Finance,Manager,Kolkata,+91 7116761790
Kunal Reddy,kunal.reddy@birlawhite.com,IT,Executive,Mumbai,+91 9647200636
Sneha Sharma,sneha.sharma@birlawhite.com,HR,Consultant,Kolkata,+91 9346040677
Vikram Verma,vikram.verma@birlawhite.com,HR,Consultant,Delhi,+91 9130314200
Priya Mehta,priya.mehta@birlawhite.com,IT,Manager,Bangalore,+91 8415244839
Tina Joshi,tina.joshi@birlawhite.com,Operations,Executive,Delhi,+91 8300225388
Ritika Patel,ritika.patel@birlawhite.com,Marketing,Analyst,Jaipur,+91 9774698719
Kunal Bose,kunal.bose@birlawhite.com,Marketing,Manager,Delhi,+91 6284009672
Anjali Kumar,anjali.kumar@birlawhite.com,Sales,Analyst,Kolkata,+91 7854134397
Anjali Patel,anjali.patel@birlawhite.com,HR,Analyst,Bangalore,+91 7413060688
Shreya Das,shreya.das@birlawhite.com,HR,Executive,Kolkata,+91 7978646846
Manish Chopra,manish.chopra@birlawhite.com,Operations,Manager,Chennai,+91 6757471529
Tina Joshi,tina.joshi@birlawhite.com,Operations,Analyst,Chennai,+91 9793024790
Rahul Joshi,rahul.joshi@birlawhite.com,Procurement,Coordinator,Bangalore,+91 6844384705
Anjali Kapoor,anjali.kapoor@birlawhite.com,Sales,Executive,Chennai,+91 6230559024
Ritika Yadav,ritika.yadav@birlawhite.com,HR,Analyst,Jaipur,+91 9412283659
Vikram Bose,vikram.bose@birlawhite.com,HR,Analyst,Pune,+91 8800279016
Shreya Patel,shreya.patel@birlawhite.com,IT,Associate,Delhi,+91 9470429380
Sneha Mukherjee,sneha.mukherjee@birlawhite.com,Sales,Analyst,Kolkata,+91 6219672612
Sneha Agarwal,sneha.agarwal@birlawhite.com,Sales,Lead,Bangalore,+91 7005838095
Divya Nair,divya.nair@birlawhite.com,Legal,Lead,Delhi,+91 8068138640
Priya Kumar,priya.kumar@birlawhite.com,Finance,Executive,Pune,+91 8934699737
Amit Chopra,amit.chopra@birlawhite.com,HR,Analyst,Jaipur,+91 9283367730
Vikram Mukherjee,vikram.mukherjee@birlawhite.com,Finance,Lead,Pune,+91 9089493027
Rohit Das,rohit.das@birlawhite.com,Procurement,Coordinator,Hyderabad,+91 8911095304
Rohit Gupta,rohit.gupta@birlawhite.com,IT,Consultant,Chennai,+91 6541233750
Kunal Thakur,kunal.thakur@birlawhite.com,Procurement,Analyst,Kolkata,+91 7426142052
Arjun Thakur,arjun.thakur@birlawhite.com,Sales,Consultant,Delhi,+91 9748312245
Amit Yadav,amit.yadav@birlawhite.com,Support,Analyst,Pune,+91 8988213551
Pooja Agarwal,pooja.agarwal@birlawhite.com,IT,Consultant,Hyderabad,+91 6239794253
Tina Gupta,tina.gupta@birlawhite.com,Legal,Executive,Mumbai,+91 6652276332
Manish Sharma,manish.sharma@birlawhite.com,Sales,Lead,Pune,+91 6372773375
Tina Verma,tina.verma@birlawhite.com,Legal,Manager,Delhi,+91 7354061412
Kriti Agarwal,kriti.agarwal@birlawhite.com,Legal,Consultant,Kolkata,+91 9971501928
Priya Jain,priya.jain@birlawhite.com,HR,Consultant,Mumbai,+91 9491993899
Ritika Singh,ritika.singh@birlawhite.com,Marketing,Associate,Delhi,+91 9117951063
Divya Mukherjee,divya.mukherjee@birlawhite.com,Support,Consultant,Chennai,+91 7265081212
Manish Reddy,manish.reddy@birlawhite.com,Support,Consultant,Jaipur,+91 9715738854
Suresh Singh,suresh.singh@birlawhite.com,Procurement,Lead,Bangalore,+91 8896859015
Divya Nair,divya.nair@birlawhite.com,HR,Manager,Mumbai,+91 7700577848
Divya Mukherjee,divya.mukherjee@birlawhite.com,Operations,Consultant,Bangalore,+91 9650165359
Priya Thakur,priya.thakur@birlawhite.com,Finance,Analyst,Jaipur,+91 8594564389
Ravi Kapoor,ravi.kapoor@birlawhite.com,IT,Analyst,Jaipur,+91 6720382743
Neha Gupta,neha.gupta@birlawhite.com,HR,Coordinator,Jaipur,+91 9865743436
Shreya Nair,shreya.nair@birlawhite.com,Procurement,Associate,Mumbai,+91 7873910469
Kunal Thakur,kunal.thakur@birlawhite.com,Procurement,Executive,Delhi,+91 6014283275
Suresh Singh,suresh.singh@birlawhite.com,Operations,Manager,Chennai,+91 8637624292
Pooja Jain,pooja.jain@birlawhite.com,Legal,Analyst,Pune,+91 8988996819
Divya Kapoor,divya.kapoor@birlawhite.com,Procurement,Executive,Bangalore,+91 6006350465
Priya Joshi,priya.joshi@birlawhite.com,Marketing,Analyst,Delhi,+91 7013234700
Manish Das,manish.das@birlawhite.com,Finance,Manager,Jaipur,+91 7787098395
Ritika Reddy,ritika.reddy@birlawhite.com,Legal,Associate,Jaipur,+91 9933845392
Rahul Verma,rahul.verma@birlawhite.com,Finance,Associate,Bangalore,+91 8275193411
Shreya Verma,shreya.verma@birlawhite.com,Support,Executive,Bangalore,+91 9212993448
Priya Das,priya.das@birlawhite.com,Sales,Manager,Jaipur,+91 7053870410
Manish Patel,manish.patel@birlawhite.com,Legal,Lead,Pune,+91 7609380536
Shreya Patel,shreya.patel@birlawhite.com,Marketing,Manager,Delhi,+91 6911172360
Suresh Mehta,suresh.mehta@birlawhite.com,Marketing,Coordinator,Kolkata,+91 8755015932
Priya Thakur,priya.thakur@birlawhite.com,Operations,Executive,Chennai,+91 9712396766
Kriti Joshi,kriti.joshi@birlawhite.com,Legal,Lead,Hyderabad,+91 8731311385
Pooja Nair,pooja.nair@birlawhite.com,IT,Lead,Delhi,+91 9060168961
Rahul Kapoor,rahul.kapoor@birlawhite.com,Support,Associate,Delhi,+91 6493666780
Sneha Jain,sneha.jain@birlawhite.com,Operations,Coordinator,Bangalore,+91 8642316240
Sameer Mehta,sameer.mehta@birlawhite.com,Support,Coordinator,Bangalore,+91 6864500140
Amit Bose,amit.bose@birlawhite.com,HR,Analyst,Bangalore,+91 8502319286
Divya Bose,divya.bose@birlawhite.com,Marketing,Analyst,Mumbai,+91 6534484761
Tina Mehta,tina.mehta@birlawhite.com,Legal,Lead,Bangalore,+91 7556663953
Neha Chopra,neha.chopra@birlawhite.com,Procurement,Analyst,Mumbai,+91 7458226946
Sameer Kumar,sameer.kumar@birlawhite.com,Operations,Associate,Hyderabad,+91 6758822600
Suresh Mukherjee,suresh.mukherjee@birlawhite.com,Marketing,Coordinator,Jaipur,+91 6081102727
Ritika Mehta,ritika.mehta@birlawhite.com,Procurement,Analyst,Kolkata,+91 7876540657
Tina Thakur,tina.thakur@birlawhite.com,Sales,Consultant,Kolkata,+91 7134878344
Tina Mehta,tina.mehta@birlawhite.com,Sales,Associate,Bangalore,+91 6922820553
Kriti Patel,kriti.patel@birlawhite.com,Marketing,Lead,Hyderabad,+91 9939991724
Kunal Chopra,kunal.chopra@birlawhite.com,Finance,Executive,Mumbai,+91 8962711462
Sameer Mehta,sameer.mehta@birlawhite.com,Finance,Analyst,Chennai,+91 9485716932
Kunal Chopra,kunal.chopra@birlawhite.com,Marketing,Manager,Hyderabad,+91 7294503335
Sneha Chopra,sneha.chopra@birlawhite.com,Legal,Analyst,Hyderabad,+91 8553080985
Ritika Jain,ritika.jain@birlawhite.com,Marketing,Lead,Hyderabad,+91 6875305784
Sneha Mehta,sneha.mehta@birlawhite.com,Operations,Analyst,Pune,+91 6191827160
Sneha Kapoor,sneha.kapoor@birlawhite.com,Legal,Analyst,Jaipur,+91 9575215440
Priya Mehta,priya.mehta@birlawhite.com,Procurement,Analyst,Kolkata,+91 6033092321
Sameer Yadav,sameer.yadav@birlawhite.com,Marketing,Analyst,Chennai,+91 7704310676
Anjali Das,anjali.das@birlawhite.com,Procurement,Executive,Pune,+91 8338251454
Sneha Mukherjee,sneha.mukherjee@birlawhite.com,IT,Executive,Chennai,+91 9513454629
Kunal Mehta,kunal.mehta@birlawhite.com,Marketing,Executive,Delhi,+91 7392632935
Arjun Chopra,arjun.chopra@birlawhite.com,Marketing,Executive,Bangalore,+91 7917749698
Sameer Chopra,sameer.chopra@birlawhite.com,IT,Executive,Jaipur,+91 9744269886
Suresh Agarwal,suresh.agarwal@birlawhite.com,IT,Executive,Pune,+91 8770148107
Rahul Singh,rahul.singh@birlawhite.com,HR,Consultant,Kolkata,+91 9940810750
Sameer Yadav,sameer.yadav@birlawhite.com,IT,Associate,Mumbai,+91 8536490494
Vikram Agarwal,vikram.agarwal@birlawhite.com,Legal,Lead,Chennai,+91 9673581902
Rahul Bhat,rahul.bhat@birlawhite.com,IT,Lead,Jaipur,+91 7559824702
Kunal Verma,kunal.verma@birlawhite.com,Operations,Executive,Delhi,+91 9758927627
Manish Patel,manish.patel@birlawhite.com,Procurement,Associate,Kolkata,+91 8067479900
Shreya Joshi,shreya.joshi@birlawhite.com,Sales,Coordinator,Mumbai,+91 8511288140
Rohit Verma,rohit.verma@birlawhite.com,Legal,Manager,Pune,+91 6630727273
Tina Joshi,tina.joshi@birlawhite.com,IT,Lead,Hyderabad,+91 9621814306
Pooja Nair,pooja.nair@birlawhite.com,Operations,Consultant,Pune,+91 9628281084
Suresh Chopra,suresh.chopra@birlawhite.com,Support,Executive,Jaipur,+91 9471679688
Amit Mehta,amit.mehta@birlawhite.com,Sales,Executive,Chennai,+91 6027087256
Vikram Gupta,vikram.gupta@birlawhite.com,Procurement,Lead,Pune,+91 6819295262
Neha Bose,neha.bose@birlawhite.com,Finance,Executive,Chennai,+91 6630916641
Rohit Joshi,rohit.joshi@birlawhite.com,Operations,Executive,Mumbai,+91 8709662106
Ritika Mehta,ritika.mehta@birlawhite.com,Support,Consultant,Mumbai,+91 9385341347
Amit Agarwal,amit.agarwal@birlawhite.com,Procurement,Associate,Kolkata,+91 9032923693
Ravi Thakur,ravi.thakur@birlawhite.com,Sales,Analyst,Hyderabad,+91 7885268155
Rohit Nair,rohit.nair@birlawhite.com,Sales,Consultant,Hyderabad,+91 8831714843
Kunal Gupta,kunal.gupta@birlawhite.com,Sales,Associate,Mumbai,+91 8813376966
Rohit Patel,rohit.patel@birlawhite.com,IT,Consultant,Hyderabad,+91 9658949906
Tina Reddy,tina.reddy@birlawhite.com,Support,Analyst,Kolkata,+91 7739208405
Priya Jain,priya.jain@birlawhite.com,Legal,Analyst,Bangalore,+91 9784026288
Rohit Kapoor,rohit.kapoor@birlawhite.com,Procurement,Consultant,Pune,+91 9949635593
Tina Das,tina.das@birlawhite.com,Finance,Analyst,Delhi,+91 6278765984
Kunal Singh,kunal.singh@birlawhite.com,Marketing,Associate,Bangalore,+91 8684935274
Vikram Yadav,vikram.yadav@birlawhite.com,Support,Consultant,Delhi,+91 7368272376
Ritika Patel,ritika.patel@birlawhite.com,Procurement,Executive,Kolkata,+91 9208684804
Rohit Kapoor,rohit.kapoor@birlawhite.com,Sales,Associate,Kolkata,+91 7281940778
Pooja Patel,pooja.patel@birlawhite.com,Legal,Analyst,Jaipur,+91 6770585844
Neha Patel,neha.patel@birlawhite.com,HR,Executive,Mumbai,+91 9020649684
Rohit Das,rohit.das@birlawhite.com,Finance,Consultant,Jaipur,+91 8392133739
Anjali Nair,anjali.nair@birlawhite.com,Sales,Manager,Delhi,+91 7754061803
Divya Sharma,divya.sharma@birlawhite.com,Procurement,Consultant,Mumbai,+91 8377557706
Manish Bhat,manish.bhat@birlawhite.com,IT,Executive,Hyderabad,+91 7005159526
Sneha Gupta,sneha.gupta@birlawhite.com,HR,Associate,Jaipur,+91 9674140001
Sameer Bhat,sameer.bhat@birlawhite.com,HR,Associate,Chennai,+91 8599533965
Ritika Yadav,ritika.yadav@birlawhite.com,Finance,Consultant,Mumbai,+91 8876731908
Anjali Nair,anjali.nair@birlawhite.com,HR,Analyst,Mumbai,+91 7379074025
Rohit Thakur,rohit.thakur@birlawhite.com,IT,Analyst,Mumbai,+91 6768299713
Arjun Verma,arjun.verma@birlawhite.com,Operations,Analyst,Delhi,+91 9645352152
Anjali Bhat,anjali.bhat@birlawhite.com,Sales,Coordinator,Jaipur,+91 7937182717
Pooja Chopra,pooja.chopra@birlawhite.com,Support,Executive,Jaipur,+91 9302553784
Vikram Thakur,vikram.thakur@birlawhite.com,Finance,Executive,Pune,+91 7347547977
Manish Mehta,manish.mehta@birlawhite.com,Procurement,Associate,Jaipur,+91 8292265277
Ravi Chopra,ravi.chopra@birlawhite.com,Sales,Executive,Bangalore,+91 7393656229
Arjun Sharma,arjun.sharma@birlawhite.com,Marketing,Manager,Jaipur,+91 6906767372
Tina Verma,tina.verma@birlawhite.com,Legal,Manager,Delhi,+91 9992943484
Pooja Bose,pooja.bose@birlawhite.com,Sales,Consultant,Kolkata,+91 8366171324
Tina Sharma,tina.sharma@birlawhite.com,Legal,Associate,Bangalore,+91 6149013112
Rohit Kumar,rohit.kumar@birlawhite.com,Finance,Lead,Kolkata,+91 8062758251
Kunal Sharma,kunal.sharma@birlawhite.com,Procurement,Executive,Mumbai,+91 8951549729
Sameer Kumar,sameer.kumar@birlawhite.com,Support,Analyst,Mumbai,+91 7516169311
Manish Joshi,manish.joshi@birlawhite.com,HR,Coordinator,Delhi,+91 7105499950
Pooja Agarwal,pooja.agarwal@birlawhite.com,Finance,Consultant,Hyderabad,+91 7214173175
Suresh Bhat,suresh.bhat@birlawhite.com,Operations,Lead,Chennai,+91 8418481507
Amit Bose,amit.bose@birlawhite.com,Legal,Associate,Jaipur,+91 9092985353
Arjun Gupta,arjun.gupta@birlawhite.com,Legal,Associate,Pune,+91 8895740338
Neha Joshi,neha.joshi@birlawhite.com,Marketing,Manager,Chennai,+91 9638906334
Tina Chopra,tina.chopra@birlawhite.com,IT,Consultant,Kolkata,+91 8576543545
Pooja Agarwal,pooja.agarwal@birlawhite.com,IT,Lead,Delhi,+91 8552625332
Amit Nair,amit.nair@birlawhite.com,Sales,Analyst,Bangalore,+91 7716814136
Amit Das,amit.das@birlawhite.com,Procurement,Associate,Kolkata,+91 7167190046
Pooja Das,pooja.das@birlawhite.com,Procurement,Associate,Delhi,+91 7476860274
Neha Agarwal,neha.agarwal@birlawhite.com,Marketing,Executive,Bangalore,+91 6825549401
Pooja Yadav,pooja.yadav@birlawhite.com,Operations,Executive,Hyderabad,+91 7612439731
Rohit Mehta,rohit.mehta@birlawhite.com,Procurement,Executive,Jaipur,+91 9569012616
Pooja Nair,pooja.nair@birlawhite.com,Finance,Lead,Delhi,+91 8026968331
Manish Yadav,manish.yadav@birlawhite.com,IT,Lead,Chennai,+91 7628940039
Kriti Thakur,kriti.thakur@birlawhite.com,Finance,Executive,Bangalore,+91 7641444309
Ravi Thakur,ravi.thakur@birlawhite.com,Finance,Executive,Mumbai,+91 9857910121
Suresh Thakur,suresh.thakur@birlawhite.com,HR,Consultant,Jaipur,+91 6841789765
Vikram Mukherjee,vikram.mukherjee@birlawhite.com,IT,Consultant,Pune,+91 9270155027
Rahul Kapoor,rahul.kapoor@birlawhite.com,Finance,Manager,Mumbai,+91 6628355582
Arjun Patel,arjun.patel@birlawhite.com,HR,Lead,Jaipur,+91 8965268430
Sneha Kumar,sneha.kumar@birlawhite.com,HR,Executive,Jaipur,+91 8314223647
Shreya Kapoor,shreya.kapoor@birlawhite.com,Sales,Analyst,Mumbai,+91 8285780104
Manish Chopra,manish.chopra@birlawhite.com,HR,Manager,Jaipur,+91 7705721844
Manish Kapoor,manish.kapoor@birlawhite.com,Procurement,Lead,Delhi,+91 7970155449
Shreya Nair,shreya.nair@birlawhite.com,IT,Consultant,Pune,+91 6027051844
Ritika Yadav,ritika.yadav@birlawhite.com,Support,Manager,Hyderabad,+91 7931150334
Manish Patel,manish.patel@birlawhite.com,HR,Executive,Jaipur,+91 8630693609
Arjun Kumar,arjun.kumar@birlawhite.com,Procurement,Executive,Kolkata,+91 9827652662
Ritika Jain,ritika.jain@birlawhite.com,Sales,Associate,Jaipur,+91 6451389365
Rahul Jain,rahul.jain@birlawhite.com,IT,Lead,Bangalore,+91 9180789753
Rahul Jain,rahul.jain@birlawhite.com,IT,Consultant,Pune,+91 7178979940
Priya Reddy,priya.reddy@birlawhite.com,Marketing,Coordinator,Bangalore,+91 8162753463
Tina Gupta,tina.gupta@birlawhite.com,Support,Analyst,Delhi,+91 7468882674
Kunal Kapoor,kunal.kapoor@birlawhite.com,Sales,Analyst,Kolkata,+91 8336405974
Suresh Verma,suresh.verma@birlawhite.com,IT,Executive,Hyderabad,+91 8834599996
Arjun Gupta,arjun.gupta@birlawhite.com,Operations,Associate,Delhi,+91 6787071199
Anjali Nair,anjali.nair@birlawhite.com,IT,Analyst,Hyderabad,+91 6817142278
Divya Sharma,divya.sharma@birlawhite.com,Operations,Analyst,Mumbai,+91 6582884306
Tina Kumar,tina.kumar@birlawhite.com,Marketing,Manager,Chennai,+91 7716554031
Divya Yadav,divya.yadav@birlawhite.com,Legal,Analyst,Chennai,+91 8017718589
Vikram Chopra,vikram.chopra@birlawhite.com,IT,Analyst,Hyderabad,+91 6760255939
Manish Das,manish.das@birlawhite.com,IT,Manager,Bangalore,+91 8935602599
Anjali Joshi,anjali.joshi@birlawhite.com,Sales,Associate,Pune,+91 6885230303
Manish Mehta,manish.mehta@birlawhite.com,Support,Associate,Hyderabad,+91 7655804274
Neha Bose,neha.bose@birlawhite.com,Legal,Analyst,Hyderabad,+91 6852376923
Ravi Verma,ravi.verma@birlawhite.com,Marketing,Analyst,Pune,+91 8314056395
Kriti Jain,kriti.jain@birlawhite.com,Procurement,Coordinator,Hyderabad,+91 9319870694
Rohit Agarwal,rohit.agarwal@birlawhite.com,Legal,Analyst,Delhi,+91 8013520624
Rahul Sharma,rahul.sharma@birlawhite.com,Finance,Consultant,Mumbai,+91 9051518349
Priya Mukherjee,priya.mukherjee@birlawhite.com,Procurement,Coordinator,Pune,+91 7944971161
Suresh Mukherjee,suresh.mukherjee@birlawhite.com,HR,Analyst,Hyderabad,+91 8570700343
Sneha Mukherjee,sneha.mukherjee@birlawhite.com,Marketing,Consultant,Mumbai,+91 7890692827
Manish Mehta,manish.mehta@birlawhite.com,Finance,Coordinator,Bangalore,+91 9896925792
Sameer Yadav,sameer.yadav@birlawhite.com,Sales,Executive,Hyderabad,+91 6903069895
Pooja Mukherjee,pooja.mukherjee@birlawhite.com,Finance,Analyst,Pune,+91 7031372627
Suresh Bhat,suresh.bhat@birlawhite.com,Procurement,Analyst,Delhi,+91 8333288389
Ritika Agarwal,ritika.agarwal@birlawhite.com,HR,Coordinator,Delhi,+91 6098237858
Ravi Sharma,ravi.sharma@birlawhite.com,IT,Manager,Kolkata,+91 7142664533
Pooja Verma,pooja.verma@birlawhite.com,Sales,Associate,Kolkata,+91 9604877346
Divya Patel,divya.patel@birlawhite.com,Sales,Associate,Hyderabad,+91 7627597980
Manish Mehta,manish.mehta@birlawhite.com,Support,Analyst,Chennai,+91 7923560606
Neha Gupta,neha.gupta@birlawhite.com,Operations,Manager,Bangalore,+91 9045729842
Priya Agarwal,priya.agarwal@birlawhite.com,Marketing,Consultant,Bangalore,+91 9321505864
Neha Singh,neha.singh@birlawhite.com,Sales,Associate,Bangalore,+91 8373235923
Rohit Singh,rohit.singh@birlawhite.com,Finance,Coordinator,Jaipur,+91 8481498715
Sameer Kumar,sameer.kumar@birlawhite.com,IT,Analyst,Hyderabad,+91 7716115741
Kunal Thakur,kunal.thakur@birlawhite.com,Operations,Consultant,Bangalore,+91 9012636491
Rahul Chopra,rahul.chopra@birlawhite.com,Legal,Executive,Kolkata,+91 6346807420
Rohit Singh,rohit.singh@birlawhite.com,Marketing,Associate,Bangalore,+91 9455057800
Shreya Mehta,shreya.mehta@birlawhite.com,IT,Analyst,Mumbai,+91 8540888518
Sneha Thakur,sneha.thakur@birlawhite.com,Operations,Executive,Mumbai,+91 8481724607
Sneha Nair,sneha.nair@birlawhite.com,Operations,Executive,Kolkata,+91 9130634706
Arjun Thakur,arjun.thakur@birlawhite.com,Sales,Executive,Hyderabad,+91 6883864829
Ritika Bose,ritika.bose@birlawhite.com,Procurement,Coordinator,Mumbai,+91 7655466323
Anjali Yadav,anjali.yadav@birlawhite.com,Support,Manager,Bangalore,+91 7702142587
Amit Joshi,amit.joshi@birlawhite.com,IT,Manager,Mumbai,+91 6087170729
Suresh Chopra,suresh.chopra@birlawhite.com,Operations,Coordinator,Kolkata,+91 7345532847
Rahul Bose,rahul.bose@birlawhite.com,Support,Executive,Pune,+91 6739408694
Kriti Reddy,kriti.reddy@birlawhite.com,Marketing,Executive,Pune,+91 7257261855
Sneha Singh,sneha.singh@birlawhite.com,Marketing,Coordinator,Mumbai,+91 9673049781
Ravi Bhat,ravi.bhat@birlawhite.com,IT,Analyst,Chennai,+91 6165401669
Suresh Yadav,suresh.yadav@birlawhite.com,Marketing,Executive,Jaipur,+91 9004096381
Kriti Patel,kriti.patel@birlawhite.com,Finance,Executive,Delhi,+91 8914866275
Manish Patel,manish.patel@birlawhite.com,Support,Coordinator,Jaipur,+91 6418069096
Shreya Mukherjee,shreya.mukherjee@birlawhite.com,Legal,Consultant,Jaipur,+91 7306882040
Shreya Joshi,shreya.joshi@birlawhite.com,Sales,Associate,Delhi,+91 8330654693
Kunal Patel,kunal.patel@birlawhite.com,Sales,Lead,Bangalore,+91 7521901031
Amit Joshi,amit.joshi@birlawhite.com,Legal,Consultant,Mumbai,+91 6145220196
Rahul Nair,rahul.nair@birlawhite.com,Support,Manager,Jaipur,+91 7749406172
Arjun Singh,arjun.singh@birlawhite.com,Sales,Lead,Kolkata,+91 6047090170
Vikram Thakur,vikram.thakur@birlawhite.com,IT,Manager,Hyderabad,+91 9682719111
Rohit Kapoor,rohit.kapoor@birlawhite.com,Operations,Consultant,Bangalore,+91 6389824395
Anjali Kapoor,anjali.kapoor@birlawhite.com,HR,Lead,Pune,+91 9519072682
Tina Thakur,tina.thakur@birlawhite.com,Procurement,Consultant,Chennai,+91 6632775019
Anjali Mukherjee,anjali.mukherjee@birlawhite.com,Procurement,Manager,Bangalore,+91 8568332722
Pooja Agarwal,pooja.agarwal@birlawhite.com,HR,Associate,Pune,+91 6321030466
Divya Chopra,divya.chopra@birlawhite.com,Finance,Associate,Chennai,+91 9012485135
Pooja Agarwal,pooja.agarwal@birlawhite.com,Legal,Associate,Mumbai,+91 9731332210
Kriti Bose,kriti.bose@birlawhite.com,Marketing,Lead,Delhi,+91 9341255379
Anjali Joshi,anjali.joshi@birlawhite.com,Operations,Analyst,Kolkata,+91 8656158705
Tina Reddy,tina.reddy@birlawhite.com,Marketing,Coordinator,Kolkata,+91 8147999490
Pooja Gupta,pooja.gupta@birlawhite.com,Finance,Consultant,Jaipur,+91 7619273277
Manish Gupta,manish.gupta@birlawhite.com,Operations,Consultant,Hyderabad,+91 8650249826
Sameer Yadav,sameer.yadav@birlawhite.com,Sales,Executive,Pune,+91 9558291648
Vikram Bhat,vikram.bhat@birlawhite.com,IT,Coordinator,Mumbai,+91 8366511595
Arjun Sharma,arjun.sharma@birlawhite.com,Finance,Consultant,Jaipur,+91 7447102765
Rahul Sharma,rahul.sharma@birlawhite.com,Operations,Consultant,Chennai,+91 8491597673
Neha Verma,neha.verma@birlawhite.com,Marketing,Executive,Hyderabad,+91 6624856967
Divya Yadav,divya.yadav@birlawhite.com,Finance,Coordinator,Pune,+91 9677707501
Tina Agarwal,tina.agarwal@birlawhite.com,Support,Consultant,Bangalore,+91 7553182918
Suresh Gupta,suresh.gupta@birlawhite.com,Marketing,Manager,Hyderabad,+91 9724602358
Sneha Gupta,sneha.gupta@birlawhite.com,Support,Analyst,Pune,+91 7799387610
Amit Singh,amit.singh@birlawhite.com,Legal,Manager,Bangalore,+91 8460606952
Priya Agarwal,priya.agarwal@birlawhite.com,Marketing,Consultant,Chennai,+91 8286552842
Kriti Verma,kriti.verma@birlawhite.com,Legal,Manager,Kolkata,+91 8641446718
Ravi Agarwal,ravi.agarwal@birlawhite.com,Marketing,Consultant,Hyderabad,+91 8158230299
Tina Nair,tina.nair@birlawhite.com,Legal,Executive,Mumbai,+91 9477527201
Vikram Das,vikram.das@birlawhite.com,Support,Consultant,Kolkata,+91 6269092699
Manish Gupta,manish.gupta@birlawhite.com,Operations,Lead,Jaipur,+91 7895880269
Arjun Bose,arjun.bose@birlawhite.com,HR,Executive,Hyderabad,+91 8524816833
Pooja Das,pooja.das@birlawhite.com,Operations,Associate,Mumbai,+91 7024916146
Amit Yadav,amit.yadav@birlawhite.com,HR,Coordinator,Pune,+91 9159654630
Tina Agarwal,tina.agarwal@birlawhite.com,IT,Associate,Hyderabad,+91 8669200257
Neha Gupta,neha.gupta@birlawhite.com,Procurement,Consultant,Kolkata,+91 9582535267
Rahul Jain,rahul.jain@birlawhite.com,Legal,Consultant,Jaipur,+91 9170223336
Manish Yadav,manish.yadav@birlawhite.com,Marketing,Coordinator,Kolkata,+91 9054501204
Vikram Chopra,vikram.chopra@birlawhite.com,IT,Associate,Delhi,+91 7494331243
Kunal Yadav,kunal.yadav@birlawhite.com,IT,Coordinator,Pune,+91 9906159121
Rahul Chopra,rahul.chopra@birlawhite.com,Finance,Manager,Mumbai,+91 8482824962
Suresh Thakur,suresh.thakur@birlawhite.com,Sales,Lead,Chennai,+91 7330613342
Kriti Mukherjee,kriti.mukherjee@birlawhite.com,Finance,Manager,Hyderabad,+91 8982563128
Anjali Patel,anjali.patel@birlawhite.com,HR,Executive,Hyderabad,+91 7262966491
Anjali Patel,anjali.patel@birlawhite.com,Sales,Coordinator,Bangalore,+91 7542170948
Kunal Gupta,kunal.gupta@birlawhite.com,Procurement,Consultant,Delhi,+91 9914945938
Shreya Patel,shreya.patel@birlawhite.com,Sales,Associate,Pune,+91 9215384920
Pooja Bhat,pooja.bhat@birlawhite.com,IT,Executive,Bangalore,+91 8799914427
Rahul Patel,rahul.patel@birlawhite.com,Legal,Consultant,Jaipur,+91 8829490572
Pooja Chopra,pooja.chopra@birlawhite.com,Legal,Lead,Hyderabad,+91 6420955043
Neha Sharma,neha.sharma@birlawhite.com,Sales,Analyst,Chennai,+91 9456125046
Amit Jain,amit.jain@birlawhite.com,Support,Lead,Bangalore,+91 9840114086
Ritika Agarwal,ritika.agarwal@birlawhite.com,IT,Manager,Kolkata,+91 9615822448
Ravi Mehta,ravi.mehta@birlawhite.com,IT,Executive,Jaipur,+91 9389407630
Divya Mukherjee,divya.mukherjee@birlawhite.com,Support,Lead,Kolkata,+91 7624488239
Kriti Bhat,kriti.bhat@birlawhite.com,Operations,Lead,Kolkata,+91 9297349246
Suresh Patel,suresh.patel@birlawhite.com,Sales,Manager,Mumbai,+91 9078196900
Rahul Reddy,rahul.reddy@birlawhite.com,Legal,Associate,Bangalore,+91 7507980867
Ravi Jain,ravi.jain@birlawhite.com,HR,Consultant,Mumbai,+91 8042677717
Rahul Bhat,rahul.bhat@birlawhite.com,Marketing,Coordinator,Chennai,+91 9091372883
Arjun Bhat,arjun.bhat@birlawhite.com,Procurement,Associate,Bangalore,+91 6253183905
Ravi Kumar,ravi.kumar@birlawhite.com,IT,Manager,Hyderabad,+91 9579206042
Divya Verma,divya.verma@birlawhite.com,Marketing,Coordinator,Chennai,+91 9770905434
Ravi Patel,ravi.patel@birlawhite.com,Legal,Manager,Bangalore,+91 6091159833
Vikram Joshi,vikram.joshi@birlawhite.com,Marketing,Consultant,Delhi,+91 9993447085
Sneha Chopra,sneha.chopra@birlawhite.com,Sales,Manager,Pune,+91 9058476891
Rahul Singh,rahul.singh@birlawhite.com,Legal,Associate,Delhi,+91 9435290950
Vikram Joshi,vikram.joshi@birlawhite.com,Procurement,Associate,Delhi,+91 7749755001
Manish Chopra,manish.chopra@birlawhite.com,Finance,Manager,Chennai,+91 8356265935
Rahul Joshi,rahul.joshi@birlawhite.com,Support,Manager,Bangalore,+91 9492169373
Vikram Mehta,vikram.mehta@birlawhite.com,Procurement,Analyst,Jaipur,+91 7142766841
Amit Kapoor,amit.kapoor@birlawhite.com,Support,Manager,Kolkata,+91 6962291989
Vikram Chopra,vikram.chopra@birlawhite.com,Marketing,Analyst,Jaipur,+91 9603195303
Sameer Thakur,sameer.thakur@birlawhite.com,Support,Analyst,Kolkata,+91 6322200488
Ravi Thakur,ravi.thakur@birlawhite.com,Procurement,Consultant,Kolkata,+91 9215273285
Arjun Mehta,arjun.mehta@birlawhite.com,Marketing,Associate,Bangalore,+91 6201664771
Sameer Mehta,sameer.mehta@birlawhite.com,Marketing,Coordinator,Bangalore,+91 9321042934
Neha Das,neha.das@birlawhite.com,Procurement,Coordinator,Hyderabad,+91 7784501481
Arjun Verma,arjun.verma@birlawhite.com,HR,Consultant,Delhi,+91 7398122141
Rohit Chopra,rohit.chopra@birlawhite.com,Sales,Coordinator,Bangalore,+91 8488475818
Tina Kapoor,tina.kapoor@birlawhite.com,Marketing,Coordinator,Bangalore,+91 8955240036
Neha Mukherjee,neha.mukherjee@birlawhite.com,IT,Lead,Mumbai,+91 8602161508
Divya Nair,divya.nair@birlawhite.com,IT,Lead,Pune,+91 6253717113
Vikram Jain,vikram.jain@birlawhite.com,Marketing,Manager,Chennai,+91 7959848649
Arjun Patel,arjun.patel@birlawhite.com,Finance,Coordinator,Kolkata,+91 6641227231
Pooja Das,pooja.das@birlawhite.com,Operations,Manager,Pune,+91 9876419819
Shreya Sharma,shreya.sharma@birlawhite.com,Support,Manager,Kolkata,+91 7471056759
Kriti Reddy,kriti.reddy@birlawhite.com,Operations,Coordinator,Bangalore,+91 6166782973
Rahul Mehta,rahul.mehta@birlawhite.com,Legal,Associate,Bangalore,+91 6511664473
Tina Mehta,tina.mehta@birlawhite.com,Finance,Executive,Mumbai,+91 9742341212
Tina Reddy,tina.reddy@birlawhite.com,Sales,Lead,Pune,+91 9952218704
Ritika Yadav,ritika.yadav@birlawhite.com,Operations,Coordinator,Chennai,+91 9594912062
Tina Sharma,tina.sharma@birlawhite.com,Sales,Manager,Mumbai,+91 9303641971
Kunal Sharma,kunal.sharma@birlawhite.com,Procurement,Coordinator,Delhi,+91 6410074544
Sameer Reddy,sameer.reddy@birlawhite.com,Finance,Analyst,Delhi,+91 8446922317
Sneha Gupta,sneha.gupta@birlawhite.com,Marketing,Coordinator,Jaipur,+91 7987464606
Kriti Yadav,kriti.yadav@birlawhite.com,Sales,Associate,Delhi,+91 7730519129
Divya Bose,divya.bose@birlawhite.com,HR,Associate,Chennai,+91 8733501980
Sneha Yadav,sneha.yadav@birlawhite.com,Legal,Executive,Mumbai,+91 7095515992
Sameer Reddy,sameer.reddy@birlawhite.com,Operations,Consultant,Kolkata,+91 8777410413
Pooja Singh,pooja.singh@birlawhite.com,Finance,Associate,Delhi,+91 6445249684
Suresh Bhat,suresh.bhat@birlawhite.com,Support,Consultant,Mumbai,+91 6211932880
Sameer Agarwal,sameer.agarwal@birlawhite.com,Finance,Consultant,Jaipur,+91 7208761650
Manish Chopra,manish.chopra@birlawhite.com,Sales,Manager,Jaipur,+91 9992174638
Arjun Joshi,arjun.joshi@birlawhite.com,Finance,Lead,Kolkata,+91 9352223945
Vikram Patel,vikram.patel@birlawhite.com,Procurement,Associate,Delhi,+91 6205340578
Rohit Kapoor,rohit.kapoor@birlawhite.com,Marketing,Manager,Mumbai,+91 6551603188
Ravi Joshi,ravi.joshi@birlawhite.com,Operations,Consultant,Hyderabad,+91 7435508757
Priya Agarwal,priya.agarwal@birlawhite.com,Operations,Lead,Hyderabad,+91 7638720857
Pooja Kapoor,pooja.kapoor@birlawhite.com,Sales,Executive,Jaipur,+91 9887517917
Shreya Patel,shreya.patel@birlawhite.com,Support,Manager,Kolkata,+91 6873860115
Tina Kumar,tina.kumar@birlawhite.com,HR,Associate,Bangalore,+91 7983591845
Tina Das,tina.das@birlawhite.com,Marketing,Manager,Kolkata,+91 6008867954
Ravi Kapoor,ravi.kapoor@birlawhite.com,Support,Coordinator,Delhi,+91 9819839201
Ritika Thakur,ritika.thakur@birlawhite.com,Legal,Associate,Bangalore,+91 9684486389
Amit Nair,amit.nair@birlawhite.com,Legal,Coordinator,Pune,+91 6893247148
Sameer Sharma,sameer.sharma@birlawhite.com,IT,Coordinator,Bangalore,+91 7159459970
Priya Nair,priya.nair@birlawhite.com,Procurement,Lead,Kolkata,+91 7452319055
Kunal Kapoor,kunal.kapoor@birlawhite.com,Marketing,Manager,Jaipur,+91 9562264548
Vikram Kumar,vikram.kumar@birlawhite.com,HR,Manager,Kolkata,+91 6841536449
Sneha Mukherjee,sneha.mukherjee@birlawhite.com,Procurement,Associate,Delhi,+91 8115818078
Vikram Mukherjee,vikram.mukherjee@birlawhite.com,Finance,Consultant,Mumbai,+91 7676134066
Suresh Reddy,suresh.reddy@birlawhite.com,Procurement,Analyst,Kolkata,+91 6326776156
Rahul Gupta,rahul.gupta@birlawhite.com,Legal,Consultant,Delhi,+91 6070556722
Kriti Chopra,kriti.chopra@birlawhite.com,Legal,Coordinator,Hyderabad,+91 6771257199
Sameer Jain,sameer.jain@birlawhite.com,Marketing,Executive,Mumbai,+91 9397326447
Pooja Joshi,pooja.joshi@birlawhite.com,Support,Executive,Kolkata,+91 6716669639
Neha Bose,neha.bose@birlawhite.com,Procurement,Coordinator,Pune,+91 8997417223
Manish Jain,manish.jain@birlawhite.com,IT,Executive,Delhi,+91 8030079054
Ravi Joshi,ravi.joshi@birlawhite.com,Sales,Coordinator,Jaipur,+91 7268629694
Vikram Singh,vikram.singh@birlawhite.com,Marketing,Manager,Jaipur,+91 8017064806
Sneha Chopra,sneha.chopra@birlawhite.com,Operations,Analyst,Chennai,+91 6802410152
Pooja Bose,pooja.bose@birlawhite.com,Marketing,Associate,Kolkata,+91 7080501427
Neha Nair,neha.nair@birlawhite.com,IT,Coordinator,Jaipur,+91 9256534113
Priya Das,priya.das@birlawhite.com,Procurement,Analyst,Jaipur,+91 7176537242
Neha Sharma,neha.sharma@birlawhite.com,Procurement,Coordinator,Bangalore,+91 7951979824
Sneha Reddy,sneha.reddy@birlawhite.com,IT,Lead,Kolkata,+91 7581083284
Vikram Verma,vikram.verma@birlawhite.com,Finance,Analyst,Kolkata,+91 6415499453
Kriti Agarwal,kriti.agarwal@birlawhite.com,Operations,Manager,Kolkata,+91 7778491293
Suresh Sharma,suresh.sharma@birlawhite.com,Marketing,Manager,Pune,+91 7596014085
Rahul Agarwal,rahul.agarwal@birlawhite.com,IT,Consultant,Delhi,+91 9621612229
Kriti Gupta,kriti.gupta@birlawhite.com,Legal,Manager,Jaipur,+91 7726498755
Manish Gupta,manish.gupta@birlawhite.com,Marketing,Manager,Kolkata,+91 7554505483
Shreya Kapoor,shreya.kapoor@birlawhite.com,Finance,Manager,Delhi,+91 8610467178
Ritika Bhat,ritika.bhat@birlawhite.com,Finance,Associate,Hyderabad,+91 9512736443
Ravi Agarwal,ravi.agarwal@birlawhite.com,Procurement,Manager,Mumbai,+91 7427991387
Tina Gupta,tina.gupta@birlawhite.com,Finance,Executive,Bangalore,+91 6907495074
Priya Reddy,priya.reddy@birlawhite.com,IT,Coordinator,Kolkata,+91 8810156049
Suresh Singh,suresh.singh@birlawhite.com,Support,Associate,Chennai,+91 7544219036
Sameer Kumar,sameer.kumar@birlawhite.com,Legal,Manager,Bangalore,+91 8668788512
Anjali Chopra,anjali.chopra@birlawhite.com,Marketing,Manager,Hyderabad,+91 9053168999
Anjali Kapoor,anjali.kapoor@birlawhite.com,HR,Executive,Mumbai,+91 6529608641
Sameer Bhat,sameer.bhat@birlawhite.com,IT,Associate,Delhi,+91 9517611200
Vikram Gupta,vikram.gupta@birlawhite.com,Operations,Consultant,Kolkata,+91 6599958177
Neha Mehta,neha.mehta@birlawhite.com,Support,Lead,Mumbai,+91 8002648577
Suresh Verma,suresh.verma@birlawhite.com,Legal,Manager,Bangalore,+91 6055638556
Divya Nair,divya.nair@birlawhite.com,Sales,Manager,Bangalore,+91 7535769523
Neha Jain,neha.jain@birlawhite.com,Support,Executive,Pune,+91 8963309266
Kriti Mehta,kriti.mehta@birlawhite.com,Marketing,Manager,Delhi,+91 9927917228
Manish Yadav,manish.yadav@birlawhite.com,Support,Consultant,Jaipur,+91 6137797366
Tina Mukherjee,tina.mukherjee@birlawhite.com,Procurement,Analyst,Mumbai,+91 7912807934
Neha Verma,neha.verma@birlawhite.com,Legal,Analyst,Jaipur,+91 7205017987
Amit Sharma,amit.sharma@birlawhite.com,HR,Executive,Mumbai,+91 7743751472
Priya Bose,priya.bose@birlawhite.com,Legal,Manager,Hyderabad,+91 6447185516
Kunal Agarwal,kunal.agarwal@birlawhite.com,IT,Coordinator,Pune,+91 9990143917
Ravi Yadav,ravi.yadav@birlawhite.com,Legal,Lead,Mumbai,+91 6215318835
Shreya Chopra,shreya.chopra@birlawhite.com,Procurement,Executive,Jaipur,+91 7240939372
Priya Thakur,priya.thakur@birlawhite.com,Operations,Coordinator,Delhi,+91 8823762152
Anjali Yadav,anjali.yadav@birlawhite.com,Operations,Lead,Hyderabad,+91 6592980859
Priya Das,priya.das@birlawhite.com,Procurement,Consultant,Kolkata,+91 9191861906
Sneha Agarwal,sneha.agarwal@birlawhite.com,Marketing,Executive,Delhi,+91 9035474804
Divya Bhat,divya.bhat@birlawhite.com,HR,Consultant,Chennai,+91 9485053396
Arjun Mukherjee,arjun.mukherjee@birlawhite.com,Sales,Lead,Chennai,+91 9635393742
Sneha Agarwal,sneha.agarwal@birlawhite.com,Procurement,Associate,Kolkata,+91 9779725462
Vikram Bose,vikram.bose@birlawhite.com,Marketing,Executive,Hyderabad,+91 9441544705
Ritika Reddy,ritika.reddy@birlawhite.com,Procurement,Lead,Jaipur,+91 8060105242
Neha Verma,neha.verma@birlawhite.com,Operations,Coordinator,Mumbai,+91 8901365333
Suresh Bose,suresh.bose@birlawhite.com,Support,Executive,Chennai,+91 7394063570
Sneha Nair,sneha.nair@birlawhite.com,Procurement,Lead,Pune,+91 6397980515
Ritika Bose,ritika.bose@birlawhite.com,Support,Associate,Pune,+91 6379995192
Shreya Mehta,shreya.mehta@birlawhite.com,IT,Coordinator,Hyderabad,+91 7562804742
Ritika Patel,ritika.patel@birlawhite.com,Marketing,Analyst,Chennai,+91 6990955917
Anjali Kapoor,anjali.kapoor@birlawhite.com,IT,Analyst,Mumbai,+91 9557661319
Shreya Verma,shreya.verma@birlawhite.com,Sales,Executive,Kolkata,+91 7303427894
Anjali Chopra,anjali.chopra@birlawhite.com,Support,Associate,Delhi,+91 8612298993
Kriti Yadav,kriti.yadav@birlawhite.com,HR,Manager,Mumbai,+91 6634386030
Amit Jain,amit.jain@birlawhite.com,Sales,Executive,Mumbai,+91 9618941670
Arjun Reddy,arjun.reddy@birlawhite.com,Procurement,Executive,Chennai,+91 9299672851
Kriti Joshi,kriti.joshi@birlawhite.com,Operations,Associate,Bangalore,+91 6269000476
Arjun Sharma,arjun.sharma@birlawhite.com,IT,Lead,Bangalore,+91 9935493812
Amit Yadav,amit.yadav@birlawhite.com,Operations,Manager,Delhi,+91 7534097043
Manish Patel,manish.patel@birlawhite.com,Operations,Lead,Pune,+91 7114980505
Ritika Joshi,ritika.joshi@birlawhite.com,HR,Consultant,Bangalore,+91 8881395581
Pooja Kumar,pooja.kumar@birlawhite.com,Finance,Lead,Jaipur,+91 7290362215
Kriti Reddy,kriti.reddy@birlawhite.com,Marketing,Associate,Kolkata,+91 7007603794
Vikram Gupta,vikram.gupta@birlawhite.com,IT,Executive,Delhi,+91 9211514070
Kriti Sharma,kriti.sharma@birlawhite.com,Support,Executive,Hyderabad,+91 7406635623
Sameer Sharma,sameer.sharma@birlawhite.com,HR,Associate,Bangalore,+91 9849560343
Sameer Kapoor,sameer.kapoor@birlawhite.com,Support,Associate,Kolkata,+91 7502651464
Divya Sharma,divya.sharma@birlawhite.com,Support,Executive,Mumbai,+91 7506506624
Anjali Gupta,anjali.gupta@birlawhite.com,IT,Analyst,Bangalore,+91 9038480859
Vikram Das,vikram.das@birlawhite.com,Marketing,Lead,Hyderabad,+91 9359024155
Kunal Patel,kunal.patel@birlawhite.com,Finance,Lead,Pune,+91 8600648282
Kunal Joshi,kunal.joshi@birlawhite.com,Marketing,Associate,Bangalore,+91 9342926181
Sameer Yadav,sameer.yadav@birlawhite.com,Sales,Associate,Hyderabad,+91 7586355293
Vikram Mukherjee,vikram.mukherjee@birlawhite.com,Sales,Lead,Delhi,+91 9984594052
Vikram Reddy,vikram.reddy@birlawhite.com,Finance,Executive,Pune,+91 9623449287
Shreya Kumar,shreya.kumar@birlawhite.com,Procurement,Executive,Mumbai,+91 8411801719
Suresh Patel,suresh.patel@birlawhite.com,Legal,Manager,Delhi,+91 8643121023
Priya Sharma,priya.sharma@birlawhite.com,IT,Analyst,Kolkata,+91 8365835386
Suresh Chopra,suresh.chopra@birlawhite.com,Finance,Coordinator,Chennai,+91 9729895672
Sameer Thakur,sameer.thakur@birlawhite.com,Finance,Coordinator,Hyderabad,+91 8271155895
Manish Singh,manish.singh@birlawhite.com,IT,Analyst,Kolkata,+91 6865048201
Amit Sharma,amit.sharma@birlawhite.com,Support,Lead,Hyderabad,+91 6038002465
Vikram Das,vikram.das@birlawhite.com,HR,Executive,Hyderabad,+91 7023584652
Ritika Das,ritika.das@birlawhite.com,Support,Consultant,Hyderabad,+91 8521613962
Tina Das,tina.das@birlawhite.com,HR,Coordinator,Jaipur,+91 9148992115
Kunal Verma,kunal.verma@birlawhite.com,Support,Consultant,Delhi,+91 8809452208
Manish Nair,manish.nair@birlawhite.com,Operations,Analyst,Hyderabad,+91 8247552293
Ritika Mukherjee,ritika.mukherjee@birlawhite.com,IT,Executive,Kolkata,+91 6028618700
Manish Yadav,manish.yadav@birlawhite.com,Sales,Consultant,Hyderabad,+91 8756247748
Sneha Nair,sneha.nair@birlawhite.com,IT,Coordinator,Mumbai,+91 6754375903
Amit Nair,amit.nair@birlawhite.com,Legal,Manager,Hyderabad,+91 6842771007
Vikram Verma,vikram.verma@birlawhite.com,Operations,Manager,Kolkata,+91 8239153894
Kunal Nair,kunal.nair@birlawhite.com,Procurement,Lead,Bangalore,+91 8251756590
Amit Patel,amit.patel@birlawhite.com,Procurement,Coordinator,Bangalore,+91 9316278407
Divya Kapoor,divya.kapoor@birlawhite.com,Support,Analyst,Bangalore,+91 9832926102
Arjun Yadav,arjun.yadav@birlawhite.com,Operations,Analyst,Kolkata,+91 8312724420
Ravi Sharma,ravi.sharma@birlawhite.com,IT,Manager,Chennai,+91 6671342333
Rahul Patel,rahul.patel@birlawhite.com,Operations,Lead,Hyderabad,+91 9645037247
Tina Agarwal,tina.agarwal@birlawhite.com,Marketing,Lead,Pune,+91 8418727419
Priya Patel,priya.patel@birlawhite.com,Operations,Coordinator,Hyderabad,+91 9184087061
Vikram Bhat,vikram.bhat@birlawhite.com,Operations,Coordinator,Jaipur,+91 7107916427
Tina Patel,tina.patel@birlawhite.com,Marketing,Executive,Chennai,+91 7889800596
Rahul Bose,rahul.bose@birlawhite.com,HR,Executive,Kolkata,+91 8351909380
Priya Bose,priya.bose@birlawhite.com,Operations,Coordinator,Jaipur,+91 9319887622
Rohit Kapoor,rohit.kapoor@birlawhite.com,Procurement,Analyst,Bangalore,+91 6920966418
Sameer Bose,sameer.bose@birlawhite.com,Marketing,Executive,Pune,+91 6473641809
Vikram Singh,vikram.singh@birlawhite.com,Support,Consultant,Mumbai,+91 9485939589
Rohit Jain,rohit.jain@birlawhite.com,Sales,Associate,Chennai,+91 7743050603
Vikram Jain,vikram.jain@birlawhite.com,Operations,Analyst,Kolkata,+91 8784421845
Pooja Kumar,pooja.kumar@birlawhite.com,Legal,Consultant,Pune,+91 7222670595
Rohit Bose,rohit.bose@birlawhite.com,Sales,Coordinator,Chennai,+91 8752559638
Ravi Yadav,ravi.yadav@birlawhite.com,IT,Coordinator,Jaipur,+91 8885596637
Ravi Singh,ravi.singh@birlawhite.com,Operations,Consultant,Delhi,+91 9377596950
Vikram Joshi,vikram.joshi@birlawhite.com,Procurement,Executive,Bangalore,+91 9890385697
Tina Bose,tina.bose@birlawhite.com,Marketing,Coordinator,Chennai,+91 6734099217
Neha Thakur,neha.thakur@birlawhite.com,Legal,Consultant,Kolkata,+91 6359141617
Suresh Bose,suresh.bose@birlawhite.com,Sales,Manager,Kolkata,+91 7596495145
Ravi Verma,ravi.verma@birlawhite.com,Operations,Coordinator,Delhi,+91 7455444049
Vikram Chopra,vikram.chopra@birlawhite.com,Operations,Analyst,Pune,+91 9653011700
Kunal Mehta,kunal.mehta@birlawhite.com,Operations,Consultant,Hyderabad,+91 6541141601
Sneha Gupta,sneha.gupta@birlawhite.com,Marketing,Analyst,Chennai,+91 9771718323
Anjali Kapoor,anjali.kapoor@birlawhite.com,HR,Lead,Delhi,+91 8146171607
Neha Jain,neha.jain@birlawhite.com,Sales,Lead,Mumbai,+91 8446333832
Rahul Joshi,rahul.joshi@birlawhite.com,Legal,Associate,Pune,+91 9508613498
Priya Patel,priya.patel@birlawhite.com,Marketing,Analyst,Delhi,+91 6201280385
Ravi Agarwal,ravi.agarwal@birlawhite.com,Procurement,Associate,Chennai,+91 7810662770
Arjun Nair,arjun.nair@birlawhite.com,Support,Lead,Delhi,+91 6649673719
Manish Bose,manish.bose@birlawhite.com,Finance,Executive,Pune,+91 7321814717
Rohit Chopra,rohit.chopra@birlawhite.com,Support,Consultant,Chennai,+91 6097928483
Pooja Das,pooja.das@birlawhite.com,Marketing,Coordinator,Hyderabad,+91 6021140654
Sameer Chopra,sameer.chopra@birlawhite.com,Procurement,Analyst,Kolkata,+91 8984560517
Kunal Jain,kunal.jain@birlawhite.com,Support,Lead,Pune,+91 8714761856
Sameer Kumar,sameer.kumar@birlawhite.com,HR,Associate,Hyderabad,+91 9337823915
Sameer Thakur,sameer.thakur@birlawhite.com,Marketing,Associate,Bangalore,+91 6185624683
Divya Patel,divya.patel@birlawhite.com,IT,Lead,Jaipur,+91 6911480715
Manish Jain,manish.jain@birlawhite.com,IT,Consultant,Delhi,+91 6441557112
Amit Nair,amit.nair@birlawhite.com,Sales,Manager,Chennai,+91 6409295942
Divya Kapoor,divya.kapoor@birlawhite.com,IT,Coordinator,Delhi,+91 7654679336
Arjun Nair,arjun.nair@birlawhite.com,Finance,Lead,Pune,+91 9687063778
Kunal Bhat,kunal.bhat@birlawhite.com,Legal,Coordinator,Hyderabad,+91 6454374323
Suresh Bhat,suresh.bhat@birlawhite.com,Finance,Lead,Delhi,+91 7656224238
Rahul Reddy,rahul.reddy@birlawhite.com,Legal,Coordinator,Delhi,+91 7528463574
Ritika Kumar,ritika.kumar@birlawhite.com,Operations,Consultant,Chennai,+91 9540215492
Rohit Sharma,rohit.sharma@birlawhite.com,IT,Consultant,Delhi,+91 9368827254
Kunal Gupta,kunal.gupta@birlawhite.com,IT,Manager,Bangalore,+91 7324908762
Sameer Kapoor,sameer.kapoor@birlawhite.com,Procurement,Manager,Hyderabad,+91 7096646435
Amit Bose,amit.bose@birlawhite.com,Operations,Lead,Pune,+91 6085069606
Neha Bose,neha.bose@birlawhite.com,Legal,Lead,Jaipur,+91 6378797486
Sameer Das,sameer.das@birlawhite.com,Operations,Consultant,Chennai,+91 6516212100
Divya Thakur,divya.thakur@birlawhite.com,Legal,Lead,Bangalore,+91 8942288748
Arjun Agarwal,arjun.agarwal@birlawhite.com,Legal,Executive,Kolkata,+91 9798562170
Neha Sharma,neha.sharma@birlawhite.com,Marketing,Analyst,Mumbai,+91 8250434341
Kriti Agarwal,kriti.agarwal@birlawhite.com,IT,Analyst,Bangalore,+91 6759858513
Kunal Joshi,kunal.joshi@birlawhite.com,Finance,Lead,Mumbai,+91 9743092046
Sneha Bhat,sneha.bhat@birlawhite.com,Marketing,Lead,Chennai,+91 9802045922
Anjali Joshi,anjali.joshi@birlawhite.com,HR,Manager,Chennai,+91 9524273921
Priya Agarwal,priya.agarwal@birlawhite.com,Finance,Lead,Delhi,+91 7637743069
Ravi Nair,ravi.nair@birlawhite.com,Support,Manager,Hyderabad,+91 9835622513
Manish Agarwal,manish.agarwal@birlawhite.com,Finance,Manager,Delhi,+91 7813392707
Amit Mukherjee,amit.mukherjee@birlawhite.com,Legal,Consultant,Chennai,+91 9685612410
Divya Mehta,divya.mehta@birlawhite.com,Operations,Consultant,Pune,+91 8882283205
Rohit Das,rohit.das@birlawhite.com,HR,Consultant,Pune,+91 9552715658
Rahul Thakur,rahul.thakur@birlawhite.com,Marketing,Associate,Mumbai,+91 9816517427
Divya Singh,divya.singh@birlawhite.com,HR,Associate,Bangalore,+91 9274081260
Arjun Das,arjun.das@birlawhite.com,Support,Associate,Mumbai,+91 8764965521
Priya Singh,priya.singh@birlawhite.com,Finance,Executive,Hyderabad,+91 6655697081
Rahul Chopra,rahul.chopra@birlawhite.com,IT,Lead,Bangalore,+91 7639642587
Priya Verma,priya.verma@birlawhite.com,Support,Lead,Pune,+91 8064468727
Amit Sharma,amit.sharma@birlawhite.com,Finance,Coordinator,Kolkata,+91 6380205747
Divya Das,divya.das@birlawhite.com,Finance,Consultant,Pune,+91 9638857612
Arjun Gupta,arjun.gupta@birlawhite.com,Procurement,Analyst,Chennai,+91 9096610438
Kriti Das,kriti.das@birlawhite.com,Sales,Coordinator,Jaipur,+91 6047404314
Sneha Yadav,sneha.yadav@birlawhite.com,Marketing,Lead,Hyderabad,+91 8049188326
Amit Yadav,amit.yadav@birlawhite.com,Procurement,Manager,Kolkata,+91 6146825544
Ritika Patel,ritika.patel@birlawhite.com,Legal,Manager,Mumbai,+91 6688622882
Arjun Yadav,arjun.yadav@birlawhite.com,Operations,Executive,Hyderabad,+91 9356980230
Sameer Sharma,sameer.sharma@birlawhite.com,Operations,Consultant,Mumbai,+91 6762010267
Suresh Jain,suresh.jain@birlawhite.com,Legal,Executive,Hyderabad,+91 9308418212
Manish Gupta,manish.gupta@birlawhite.com,Legal,Lead,Mumbai,+91 6317337803
Shreya Das,shreya.das@birlawhite.com,IT,Executive,Delhi,+91 6021432155
Tina Chopra,tina.chopra@birlawhite.com,Finance,Associate,Chennai,+91 9432716143
Kriti Chopra,kriti.chopra@birlawhite.com,Finance,Coordinator,Delhi,+91 9244316399
Suresh Yadav,suresh.yadav@birlawhite.com,Operations,Lead,Jaipur,+91 7651779195
Kunal Jain,kunal.jain@birlawhite.com,Finance,Manager,Bangalore,+91 6825141459
Rahul Reddy,rahul.reddy@birlawhite.com,Procurement,Executive,Bangalore,+91 8972093212
Ravi Gupta,ravi.gupta@birlawhite.com,Sales,Associate,Mumbai,+91 6330585993
Tina Mehta,tina.mehta@birlawhite.com,Support,Lead,Bangalore,+91 7605831758
Arjun Das,arjun.das@birlawhite.com,Sales,Associate,Delhi,+91 9021733758
Kriti Mehta,kriti.mehta@birlawhite.com,Support,Executive,Delhi,+91 8211159130
Divya Verma,divya.verma@birlawhite.com,Operations,Analyst,Mumbai,+91 9547431734
Priya Reddy,priya.reddy@birlawhite.com,Legal,Manager,Hyderabad,+91 8818283343
Sneha Chopra,sneha.chopra@birlawhite.com,Operations,Manager,Bangalore,+91 7632260389
Pooja Das,pooja.das@birlawhite.com,Support,Associate,Pune,+91 7650494725
Ravi Mukherjee,ravi.mukherjee@birlawhite.com,HR,Consultant,Delhi,+91 6777882520
Arjun Singh,arjun.singh@birlawhite.com,Legal,Manager,Kolkata,+91 9433222081
Kunal Jain,kunal.jain@birlawhite.com,IT,Executive,Hyderabad,+91 6192727310
Manish Agarwal,manish.agarwal@birlawhite.com,IT,Lead,Kolkata,+91 7551539140
Sameer Kumar,sameer.kumar@birlawhite.com,HR,Coordinator,Hyderabad,+91 9833353758
Vikram Das,vikram.das@birlawhite.com,Operations,Analyst,Kolkata,+91 6141787135
Kunal Kumar,kunal.kumar@birlawhite.com,Finance,Associate,Pune,+91 9417851761
Kunal Gupta,kunal.gupta@birlawhite.com,Support,Consultant,Hyderabad,+91 8394146411
Suresh Bose,suresh.bose@birlawhite.com,Operations,Analyst,Hyderabad,+91 6619294024
Neha Jain,neha.jain@birlawhite.com,Finance,Manager,Jaipur,+91 6252222115
Kriti Patel,kriti.patel@birlawhite.com,Marketing,Analyst,Hyderabad,+91 9532661406
Kriti Patel,kriti.patel@birlawhite.com,Finance,Executive,Mumbai,+91 9731514487
Shreya Bhat,shreya.bhat@birlawhite.com,HR,Manager,Mumbai,+91 6544796660
Vikram Das,vikram.das@birlawhite.com,Sales,Analyst,Bangalore,+91 8383891104
Priya Gupta,priya.gupta@birlawhite.com,Procurement,Associate,Pune,+91 8794445728
Vikram Gupta,vikram.gupta@birlawhite.com,Legal,Associate,Delhi,+91 6841822618
Rahul Mehta,rahul.mehta@birlawhite.com,IT,Lead,Kolkata,+91 6927290554
Manish Thakur,manish.thakur@birlawhite.com,Legal,Analyst,Hyderabad,+91 8176501845
Amit Bose,amit.bose@birlawhite.com,Operations,Consultant,Kolkata,+91 6548757525
Shreya Verma,shreya.verma@birlawhite.com,IT,Lead,Pune,+91 8663205283
Neha Patel,neha.patel@birlawhite.com,HR,Analyst,Kolkata,+91 7115812326
Anjali Das,anjali.das@birlawhite.com,Operations,Executive,Bangalore,+91 8225715853
Rahul Agarwal,rahul.agarwal@birlawhite.com,Support,Lead,Chennai,+91 9812729124
Shreya Thakur,shreya.thakur@birlawhite.com,Procurement,Executive,Delhi,+91 7716030336
Kriti Sharma,kriti.sharma@birlawhite.com,Procurement,Executive,Delhi,+91 6356557453
Priya Kapoor,priya.kapoor@birlawhite.com,Finance,Lead,Mumbai,+91 6364375737
Priya Thakur,priya.thakur@birlawhite.com,Operations,Coordinator,Bangalore,+91 7909791984
Shreya Patel,shreya.patel@birlawhite.com,Marketing,Executive,Pune,+91 8975879984
Kriti Joshi,kriti.joshi@birlawhite.com,Legal,Associate,Mumbai,+91 8012211767
Tina Thakur,tina.thakur@birlawhite.com,HR,Lead,Kolkata,+91 7485880559
Ritika Nair,ritika.nair@birlawhite.com,Marketing,Consultant,Mumbai,+91 9974930689
Neha Mukherjee,neha.mukherjee@birlawhite.com,IT,Analyst,Kolkata,+91 8744695527
Kriti Mehta,kriti.mehta@birlawhite.com,IT,Analyst,Jaipur,+91 9274594282
Rahul Mukherjee,rahul.mukherjee@birlawhite.com,Procurement,Consultant,Chennai,+91 8796954263
Priya Agarwal,priya.agarwal@birlawhite.com,Legal,Manager,Jaipur,+91 9507051456
Arjun Joshi,arjun.joshi@birlawhite.com,Support,Analyst,Kolkata,+91 6954680993
Kunal Sharma,kunal.sharma@birlawhite.com,Finance,Coordinator,Delhi,+91 8841166596
Tina Agarwal,tina.agarwal@birlawhite.com,Legal,Manager,Jaipur,+91 7923272014
Arjun Agarwal,arjun.agarwal@birlawhite.com,Operations,Associate,Hyderabad,+91 8250741285
Kriti Yadav,kriti.yadav@birlawhite.com,Finance,Manager,Jaipur,+91 8148948042
Anjali Joshi,anjali.joshi@birlawhite.com,Support,Manager,Bangalore,+91 6806818050
Kunal Nair,kunal.nair@birlawhite.com,Procurement,Manager,Pune,+91 9572164059
Kunal Patel,kunal.patel@birlawhite.com,HR,Associate,Mumbai,+91 8862616266
Anjali Sharma,anjali.sharma@birlawhite.com,IT,Analyst,Kolkata,+91 6305893234
Sameer Reddy,sameer.reddy@birlawhite.com,Marketing,Executive,Delhi,+91 6070759505
Priya Mukherjee,priya.mukherjee@birlawhite.com,Marketing,Manager,Chennai,+91 6086707560
Manish Thakur,manish.thakur@birlawhite.com,Operations,Executive,Pune,+91 9582270568
Divya Bose,divya.bose@birlawhite.com,Support,Associate,Mumbai,+91 9503555925
Anjali Mukherjee,anjali.mukherjee@birlawhite.com,HR,Executive,Delhi,+91 9116296299
Anjali Verma,anjali.verma@birlawhite.com,HR,Executive,Kolkata,+91 6334748364
Vikram Singh,vikram.singh@birlawhite.com,Procurement,Coordinator,Kolkata,+91 7543650853
Ravi Verma,ravi.verma@birlawhite.com,IT,Manager,Delhi,+91 7530594393
Ritika Nair,ritika.nair@birlawhite.com,Legal,Lead,Mumbai,+91 9737724781
Shreya Jain,shreya.jain@birlawhite.com,Support,Associate,Bangalore,+91 6532910940
Rahul Kapoor,rahul.kapoor@birlawhite.com,Operations,Coordinator,Bangalore,+91 8998479991
Sameer Kumar,sameer.kumar@birlawhite.com,Operations,Analyst,Mumbai,+91 7976703692
Priya Joshi,priya.joshi@birlawhite.com,Marketing,Manager,Kolkata,+91 7035977387
Anjali Patel,anjali.patel@birlawhite.com,Sales,Analyst,Hyderabad,+91 6943323948
Vikram Yadav,vikram.yadav@birlawhite.com,Legal,Lead,Kolkata,+91 7585764396
Rahul Mehta,rahul.mehta@birlawhite.com,Marketing,Analyst,Pune,+91 6562359865
Arjun Kumar,arjun.kumar@birlawhite.com,Marketing,Manager,Delhi,+91 8968633439
Ritika Sharma,ritika.sharma@birlawhite.com,Procurement,Analyst,Mumbai,+91 9508564411
Priya Kapoor,priya.kapoor@birlawhite.com,Legal,Associate,Jaipur,+91 9739837991
Priya Jain,priya.jain@birlawhite.com,HR,Manager,Jaipur,+91 9142460872
Kriti Reddy,kriti.reddy@birlawhite.com,Operations,Executive,Delhi,+91 9499707042
Sameer Sharma,sameer.sharma@birlawhite.com,IT,Executive,Mumbai,+91 7463620960
Amit Das,amit.das@birlawhite.com,Finance,Lead,Jaipur,+91 6002118951
Amit Thakur,amit.thakur@birlawhite.com,HR,Consultant,Delhi,+91 9944574687
Kriti Agarwal,kriti.agarwal@birlawhite.com,IT,Manager,Kolkata,+91 9558557654
Pooja Yadav,pooja.yadav@birlawhite.com,IT,Analyst,Mumbai,+91 7896944068
Kriti Mukherjee,kriti.mukherjee@birlawhite.com,Finance,Consultant,Delhi,+91 8480361272
Sameer Thakur,sameer.thakur@birlawhite.com,HR,Consultant,Bangalore,+91 8451723419
Priya Kumar,priya.kumar@birlawhite.com,Legal,Consultant,Kolkata,+91 7543284800
Priya Patel,priya.patel@birlawhite.com,Procurement,Analyst,Mumbai,+91 7274344133
Rohit Bose,rohit.bose@birlawhite.com,Legal,Analyst,Pune,+91 7881129972
Manish Singh,manish.singh@birlawhite.com,Marketing,Coordinator,Bangalore,+91 6977453198
Arjun Sharma,arjun.sharma@birlawhite.com,IT,Executive,Hyderabad,+91 6169335728
Ravi Verma,ravi.verma@birlawhite.com,Finance,Lead,Jaipur,+91 9336878883
Ritika Thakur,ritika.thakur@birlawhite.com,IT,Lead,Chennai,+91 8245178140
Arjun Das,arjun.das@birlawhite.com,Finance,Executive,Bangalore,+91 8199137993
Amit Reddy,amit.reddy@birlawhite.com,Operations,Executive,Bangalore,+91 9282700668
Arjun Jain,arjun.jain@birlawhite.com,Marketing,Analyst,Hyderabad,+91 9930594063
Ritika Joshi,ritika.joshi@birlawhite.com,Finance,Manager,Hyderabad,+91 7345415569
Ravi Jain,ravi.jain@birlawhite.com,Marketing,Executive,Kolkata,+91 6965504269
Rohit Reddy,rohit.reddy@birlawhite.com,Legal,Manager,Hyderabad,+91 7232770784
Tina Thakur,tina.thakur@birlawhite.com,Procurement,Coordinator,Kolkata,+91 9730667739
Rahul Mukherjee,rahul.mukherjee@birlawhite.com,HR,Associate,Delhi,+91 6067133088
Suresh Singh,suresh.singh@birlawhite.com,IT,Consultant,Kolkata,+91 8610473616
Tina Gupta,tina.gupta@birlawhite.com,Sales,Analyst,Jaipur,+91 7302000237
Rohit Nair,rohit.nair@birlawhite.com,HR,Associate,Kolkata,+91 7508470992
Arjun Thakur,arjun.thakur@birlawhite.com,Procurement,Associate,Delhi,+91 8307772985
Priya Sharma,priya.sharma@birlawhite.com,Support,Lead,Pune,+91 9832393573
Sneha Reddy,sneha.reddy@birlawhite.com,Support,Analyst,Pune,+91 7108418955
Priya Thakur,priya.thakur@birlawhite.com,Legal,Manager,Chennai,+91 8275398670
Divya Patel,divya.patel@birlawhite.com,Marketing,Lead,Bangalore,+91 9374369054
Manish Joshi,manish.joshi@birlawhite.com,Marketing,Manager,Mumbai,+91 9537828324
Neha Reddy,neha.reddy@birlawhite.com,HR,Analyst,Delhi,+91 9968736956
Rahul Verma,rahul.verma@birlawhite.com,Legal,Manager,Hyderabad,+91 7145557750
Shreya Nair,shreya.nair@birlawhite.com,Operations,Consultant,Kolkata,+91 6505595364
Vikram Gupta,vikram.gupta@birlawhite.com,IT,Consultant,Kolkata,+91 9468601632
Suresh Patel,suresh.patel@birlawhite.com,Finance,Executive,Mumbai,+91 7296083971
Priya Jain,priya.jain@birlawhite.com,IT,Manager,Pune,+91 9311371887
Pooja Patel,pooja.patel@birlawhite.com,Procurement,Manager,Hyderabad,+91 8942595820
Priya Bose,priya.bose@birlawhite.com,Procurement,Manager,Mumbai,+91 6154002855
Divya Das,divya.das@birlawhite.com,Legal,Lead,Kolkata,+91 8742467936
Divya Chopra,divya.chopra@birlawhite.com,Legal,Executive,Kolkata,+91 8277688902
Vikram Gupta,vikram.gupta@birlawhite.com,Support,Associate,Hyderabad,+91 6815804898
Kriti Thakur,kriti.thakur@birlawhite.com,IT,Associate,Jaipur,+91 6776234264
Arjun Joshi,arjun.joshi@birlawhite.com,Support,Coordinator,Chennai,+91 9193236939
Pooja Nair,pooja.nair@birlawhite.com,IT,Analyst,Jaipur,+91 8537053807
Sneha Patel,sneha.patel@birlawhite.com,Marketing,Lead,Delhi,+91 9409850166
Shreya Nair,shreya.nair@birlawhite.com,Legal,Consultant,Chennai,+91 6308445417
Pooja Kapoor,pooja.kapoor@birlawhite.com,Legal,Consultant,Hyderabad,+91 9158938750
Pooja Patel,pooja.patel@birlawhite.com,Finance,Executive,Jaipur,+91 8906811008
Sameer Singh,sameer.singh@birlawhite.com,HR,Lead,Kolkata,+91 8440235735
Ritika Mukherjee,ritika.mukherjee@birlawhite.com,Finance,Lead,Hyderabad,+91 9393410317
Anjali Mukherjee,anjali.mukherjee@birlawhite.com,HR,Consultant,Chennai,+91 8866855953
Ritika Singh,ritika.singh@birlawhite.com,HR,Lead,Delhi,+91 6715453863
Kunal Das,kunal.das@birlawhite.com,Support,Lead,Bangalore,+91 9073751814
Sneha Kapoor,sneha.kapoor@birlawhite.com,HR,Consultant,Pune,+91 6887261361
Priya Kumar,priya.kumar@birlawhite.com,HR,Executive,Delhi,+91 9309829360
Rahul Yadav,rahul.yadav@birlawhite.com,Legal,Analyst,Hyderabad,+91 6800375429
Priya Chopra,priya.chopra@birlawhite.com,Support,Consultant,Bangalore,+91 7696057768
Rohit Bhat,rohit.bhat@birlawhite.com,Support,Consultant,Chennai,+91 6991544588
Divya Kapoor,divya.kapoor@birlawhite.com,Support,Lead,Delhi,+91 7443491302
Arjun Mehta,arjun.mehta@birlawhite.com,HR,Coordinator,Chennai,+91 9714863007
Shreya Kumar,shreya.kumar@birlawhite.com,HR,Executive,Kolkata,+91 6236994399
Sameer Joshi,sameer.joshi@birlawhite.com,Legal,Associate,Pune,+91 9112705743
Divya Singh,divya.singh@birlawhite.com,Legal,Coordinator,Pune,+91 8856391093
Manish Gupta,manish.gupta@birlawhite.com,HR,Coordinator,Jaipur,+91 9474374233
Neha Agarwal,neha.agarwal@birlawhite.com,Support,Executive,Hyderabad,+91 8587924798
Manish Nair,manish.nair@birlawhite.com,Sales,Lead,Delhi,+91 7555872814
Sameer Bhat,sameer.bhat@birlawhite.com,Finance,Consultant,Pune,+91 9017763400
Anjali Verma,anjali.verma@birlawhite.com,Marketing,Coordinator,Bangalore,+91 7969463220
Kriti Mehta,kriti.mehta@birlawhite.com,IT,Associate,Hyderabad,+91 7097851533
Anjali Kapoor,anjali.kapoor@birlawhite.com,IT,Lead,Jaipur,+91 8132212061
Amit Thakur,amit.thakur@birlawhite.com,Legal,Lead,Bangalore,+91 8323390581
Ravi Thakur,ravi.thakur@birlawhite.com,HR,Associate,Bangalore,+91 8894244681
Ritika Verma,ritika.verma@birlawhite.com,Procurement,Executive,Hyderabad,+91 7167789484
Anjali Das,anjali.das@birlawhite.com,Support,Associate,Delhi,+91 6757796487
Shreya Agarwal,shreya.agarwal@birlawhite.com,Marketing,Consultant,Delhi,+91 9468483167
Amit Das,amit.das@birlawhite.com,Operations,Analyst,Chennai,+91 8970264611
Arjun Bhat,arjun.bhat@birlawhite.com,HR,Coordinator,Delhi,+91 8815451612
Rahul Nair,rahul.nair@birlawhite.com,Finance,Analyst,Jaipur,+91 9700749344
Suresh Agarwal,suresh.agarwal@birlawhite.com,Support,Consultant,Hyderabad,+91 9150977504
Ravi Bose,ravi.bose@birlawhite.com,Support,Manager,Jaipur,+91 6003638591
Kunal Das,kunal.das@birlawhite.com,Procurement,Analyst,Mumbai,+91 9077587566
Ravi Nair,ravi.nair@birlawhite.com,IT,Lead,Pune,+91 8167247083
Rahul Nair,rahul.nair@birlawhite.com,Legal,Associate,Jaipur,+91 9979754883
Ritika Patel,ritika.patel@birlawhite.com,Sales,Executive,Pune,+91 6677325072
Kunal Mehta,kunal.mehta@birlawhite.com,Operations,Executive,Delhi,+91 9703729276
Rahul Thakur,rahul.thakur@birlawhite.com,HR,Executive,Pune,+91 7702208173
Kriti Yadav,kriti.yadav@birlawhite.com,Sales,Executive,Mumbai,+91 8196434052
Tina Bhat,tina.bhat@birlawhite.com,Finance,Manager,Bangalore,+91 8226771588
Ritika Bose,ritika.bose@birlawhite.com,Procurement,Coordinator,Kolkata,+91 9945952070
Amit Singh,amit.singh@birlawhite.com,Procurement,Manager,Kolkata,+91 9577229192
Tina Sharma,tina.sharma@birlawhite.com,HR,Manager,Mumbai,+91 9196481509
Anjali Bose,anjali.bose@birlawhite.com,Finance,Coordinator,Pune,+91 6401640083
Divya Reddy,divya.reddy@birlawhite.com,IT,Associate,Kolkata,+91 9620049668
Rahul Kumar,rahul.kumar@birlawhite.com,Procurement,Consultant,Hyderabad,+91 7119866079
Sneha Chopra,sneha.chopra@birlawhite.com,Legal,Consultant,Mumbai,+91 9144085861
Divya Mukherjee,divya.mukherjee@birlawhite.com,IT,Analyst,Bangalore,+91 6703539205
Anjali Nair,anjali.nair@birlawhite.com,Legal,Associate,Mumbai,+91 8186121144
Anjali Thakur,anjali.thakur@birlawhite.com,Sales,Associate,Delhi,+91 9167874258
Kunal Joshi,kunal.joshi@birlawhite.com,Marketing,Coordinator,Delhi,+91 6887166108
Priya Thakur,priya.thakur@birlawhite.com,Sales,Consultant,Delhi,+91 6050364596
Kriti Mehta,kriti.mehta@birlawhite.com,Sales,Executive,Mumbai,+91 8315881843
Ravi Reddy,ravi.reddy@birlawhite.com,Finance,Associate,Pune,+91 9408271927
Vikram Jain,vikram.jain@birlawhite.com,Legal,Consultant,Jaipur,+91 9058969234
Neha Yadav,neha.yadav@birlawhite.com,Operations,Coordinator,Kolkata,+91 9932109014
Shreya Kapoor,shreya.kapoor@birlawhite.com,Support,Lead,Jaipur,+91 9935139515
Kunal Agarwal,kunal.agarwal@birlawhite.com,Support,Manager,Hyderabad,+91 9831360018
Priya Gupta,priya.gupta@birlawhite.com,HR,Coordinator,Jaipur,+91 9913116646
Divya Gupta,divya.gupta@birlawhite.com,Support,Analyst,Bangalore,+91 7781693543
Sameer Bose,sameer.bose@birlawhite.com,Legal,Executive,Chennai,+91 8149959090
Pooja Thakur,pooja.thakur@birlawhite.com,Marketing,Consultant,Hyderabad,+91 7531118118
Ritika Nair,ritika.nair@birlawhite.com,Marketing,Lead,Delhi,+91 8896410684
Kunal Verma,kunal.verma@birlawhite.com,Legal,Executive,Mumbai,+91 6867736487
Neha Jain,neha.jain@birlawhite.com,Sales,Executive,Kolkata,+91 7601112680
Suresh Yadav,suresh.yadav@birlawhite.com,Finance,Executive,Chennai,+91 8863963867
Rahul Kumar,rahul.kumar@birlawhite.com,Finance,Lead,Jaipur,+91 9963404228
Divya Singh,divya.singh@birlawhite.com,Legal,Manager,Jaipur,+91 6419140240
Tina Mehta,tina.mehta@birlawhite.com,Marketing,Lead,Kolkata,+91 6887448686
Suresh Gupta,suresh.gupta@birlawhite.com,Operations,Consultant,Pune,+91 7051404854
Rohit Patel,rohit.patel@birlawhite.com,Sales,Associate,Kolkata,+91 8506739498
Sameer Sharma,sameer.sharma@birlawhite.com,Procurement,Associate,Chennai,+91 9815072529
Kriti Nair,kriti.nair@birlawhite.com,HR,Analyst,Mumbai,+91 6286808013
Suresh Chopra,suresh.chopra@birlawhite.com,Finance,Analyst,Chennai,+91 7052704575
Neha Mukherjee,neha.mukherjee@birlawhite.com,Operations,Lead,Delhi,+91 8403471527
Neha Nair,neha.nair@birlawhite.com,Procurement,Associate,Hyderabad,+91 9809952675
Neha Gupta,neha.gupta@birlawhite.com,IT,Lead,Bangalore,+91 8456785977
Arjun Sharma,arjun.sharma@birlawhite.com,Operations,Lead,Hyderabad,+91 7287442275
Rahul Verma,rahul.verma@birlawhite.com,Sales,Associate,Delhi,+91 7440726681
Kriti Verma,kriti.verma@birlawhite.com,HR,Manager,Kolkata,+91 9645531364
Vikram Das,vikram.das@birlawhite.com,IT,Lead,Kolkata,+91 6537033358
Kriti Gupta,kriti.gupta@birlawhite.com,Procurement,Consultant,Bangalore,+91 8759381456
Kriti Verma,kriti.verma@birlawhite.com,Procurement,Coordinator,Bangalore,+91 8451909060
Vikram Thakur,vikram.thakur@birlawhite.com,Procurement,Executive,Mumbai,+91 6309750349
Amit Joshi,amit.joshi@birlawhite.com,IT,Coordinator,Jaipur,+91 6762209641
